src_id,src_numeric_id,name_en,name_ar,category,tier,institution,url,url_raw,access_method,update_frequency,cadence,license,reliability_score,geographic_coverage,coverage,typical_lag_days,typical_lag_text,auth,data_fields,ingestion_method,yeto_usage,yeto_module,granularity_caveats,notes,tags,origin,status,active
SRC-001,1,World Bank Macro PovcalNet,,Poverty & Distribution,T1,World Bank,https://api.worldbank.org/v2/country/YEM/indicator/SI.POV.DDAY?format=json,[PovcalNet API](https://api.worldbank.org/v2/country/YEM/indicator/SI.POV.DDAY?format=json),API,Annual,ANNUAL,,,Global,,,,,,connector_api,,,,"Provides poverty headcount ratios (US$1.90, US$3.20, US$5.50 lines) and income distribution data.  Tag as “World Bank – PovcalNet”.",Poverty & Distribution,extended,ACTIVE,True
SRC-002,2,World Bank International Debt Statistics,,Debt,T1,World Bank,https://api.worldbank.org/v2/country/YEM/indicator/DT.TDS.DECT.CD?format=json,[World Bank IDS API](https://api.worldbank.org/v2/country/YEM/indicator/DT.TDS.DECT.CD?format=json),API,Annual,ANNUAL,,,Global,,,,,,connector_api,,,,External debt stocks and debt service flows.,Debt,extended,ACTIVE,True
SRC-003,3,World Bank Global Economic Monitor (GEM),,Macro/trade,T1,World Bank,https://worldbank.org/gem-api,[GEM API](https://worldbank.org/gem-api) (*requires key*),API,Monthly,MONTHLY,,,Global,,,,,,connector_api,,,,"Commodities prices, remittances flows, and macro indicators used in GEM; part of WBG but requires registration.",Macro/trade,extended,ACTIVE,True
SRC-004,4,IMF World Economic Outlook (WEO),,Forecasts,T1,International Monetary Fund,https://www.imf.org/en/Publications/WEO,[IMF WEO API](https://www.imf.org/en/Publications/WEO) (download via SDMX),WEB,"Biannual (Apr, Oct)",ANNUAL,,,Global,,,,,,connector_web,,,,"Provides macro forecasts for GDP growth, inflation, fiscal balance; also baseline and scenario projections.",Forecasts,extended,ACTIVE,True
SRC-005,5,IMF Fiscal Monitor,,Fiscal,T1,International Monetary Fund,https://www.imf.org/en/Publications/FM,[Fiscal Monitor PDF](https://www.imf.org/en/Publications/FM),WEB,Biannual,ANNUAL,,,Global,,,,,,connector_web,,,,Contextual narrative on fiscal developments; includes tables of expenditure and revenue for some countries.  Ingest as documents.,Fiscal,extended,ACTIVE,True
SRC-006,6,Arab Monetary Fund (AMF),,Macro & Monetary,T1,,https://amf.org.ae,[AMF Economic Data](https://amf.org.ae),WEB,Quarterly/Annual,QUARTERLY,,,Regional (MENA),,,,,,connector_web,,,,Aggregated macro statistics for Arab countries; may provide monetary aggregates and inflation proxies.  *Check licensing.*,Macro & Monetary,extended,ACTIVE,True
SRC-007,7,UN ESCWA (Arab Countries Macro Data),,Macro/Socio-economic,T1,,https://data.unescwa.org/,[ESCWA Data Portal](https://data.unescwa.org/),WEB,Annual,ANNUAL,,,Regional,,,,,,connector_web,,,,"Socio-economic indicators for MENA; includes GDP, inflation, unemployment, energy.  API or bulk download available; license open with attribution.",Macro/Socio-economic,extended,ACTIVE,True
SRC-008,8,Trading Economics,,Macro & Market,T3,,https://api.tradingeconomics.com/yemen/indicators,[TradingEconomics API](https://api.tradingeconomics.com/yemen/indicators),API,Daily/Weekly,DAILY,,,Global,,,,,,connector_api,,,,"Aggregates official and market data (CPI, FX, interest rates).  Free tier requires registration; verify data provenance.  *Check licensing.*",Macro & Market,extended,ACTIVE,True
SRC-009,9,Yemen Central Statistical Office (CSO) Yearbooks,,Macro & Demographics,T1,Central Statistical Organization (Yemen),https://cso-yemen.org,[Archived PDFs](https://cso-yemen.org),WEB,Pre‑2014 annual,ANNUAL,,,National,,,,,,connector_web,,,,"Official statistical yearbooks covering GDP by sector, CPI, population, education, health (up to 2014).  Ingest scanned PDFs; extract tables via OCR.  Coverage ends before conflict.",Macro & Demographics,extended,ACTIVE,True
SRC-010,10,UN Population Division World Population Prospects,,Demographics,T1,United Nations,https://population.un.org/dataportal/about/dataapi,[UN WPP API](https://population.un.org/dataportal/about/dataapi),API,Annual,ANNUAL,,,Global,,,,,,connector_api,,,,"Standard demographic projections; includes fertility, mortality, migration.  Use for cross‑checking CSO and UNFPA projections.",Demographics,extended,ACTIVE,True
SRC-011,11,UN Human Development Reports,,HDI and multi-dimensional indices,T1,,https://hdr.undp.org/data,[HDR Data](https://hdr.undp.org/data),WEB,Annual,ANNUAL,,,Global,,,,,,connector_web,,,,"Includes HDI, GII, and Multidimensional Poverty Index (MPI) for Yemen.  Ingest for context.",HDI and multi-dimensional indices,extended,ACTIVE,True
SRC-012,12,World Bank Doing Business (archived),,Business environment,T1,World Bank,https://openknowledge.worldbank.org/handle/10986/34744,[WB Doing Business data](https://openknowledge.worldbank.org/handle/10986/34744),WEB,Annual (discontinued 2021),ANNUAL,,,Global,,,,,,connector_web,,,,"Ease-of-doing-business rankings, cost of starting a business, etc.  Useful for private sector context.",Business environment,extended,ACTIVE,True
SRC-013,13,World Bank Enterprise Surveys 2010 Yemen,,Enterprise survey,T1,World Bank,https://enterprise-surveys.org/en/data/exploreeconomies/2010/yemen,[Enterprise Surveys Data](https://enterprise-surveys.org/en/data/exploreeconomies/2010/yemen),WEB,One‑off (2010),IRREGULAR,,,Global,,,,,,connector_web,,,,"Survey microdata on firm characteristics, performance, business environment; requires registration.",Enterprise survey,extended,ACTIVE,True
SRC-014,14,UN Global SDG Indicators Database,,SDG indicators,T1,United Nations,https://unstats.un.org/SDGAPI/v1,[UN SDG API](https://unstats.un.org/SDGAPI/v1),API,Annual,ANNUAL,,,Global,,,,,,connector_api,,,,"Includes SDG indicators relevant to Yemen (poverty, health, education).",SDG indicators,extended,ACTIVE,True
SRC-015,15,University of Sheffield Night‑Time Lights Arabia,,Proxy for economic activity,T2,,https://eogdata.mines.edu/products/ngsNightLight,[Night Lights Data via EOG](https://eogdata.mines.edu/products/ngsNightLight),WEB,Monthly,MONTHLY,,,Regional,,,,,,connector_web,,,,Provides VIIRS night‑time lights composites aggregated by country or custom shape; used as economic proxy.  *Open data.*,Proxy for economic activity,extended,ACTIVE,True
SRC-016,16,World Food Programme VAM Commodity Price API,,Food prices,T1,WFP,https://api.wfp.org/v1/prices,[WFP VAM API](https://api.wfp.org/v1/prices) (*where supported*),API,Monthly,MONTHLY,,,Global,,,,,,connector_api,,,,Provides market price data for food and fuel commodities.  Not all countries have API; check for Yemen.,Food prices,extended,ACTIVE,True
SRC-017,17,FAO Food Price Monitoring Bulletins,,Food prices,T1,FAO,https://www.fao.org/giews/food-prices/tool-publications/en/,[FAO GIEWS](https://www.fao.org/giews/food-prices/tool-publications/en/),WEB,Monthly/Quarterly,MONTHLY,,,Global,,,,,,connector_web,,,,Bulletins summarise staple food price trends across countries; includes Yemen; can complement WFP data.,Food prices,extended,ACTIVE,True
SRC-018,18,SEMC (Yemen Studies & Economic Media Center) Price Bulletins,,Market prices,T3,,https://economicmedia.net,[SEMC Reports](https://economicmedia.net),WEB,Monthly,MONTHLY,,,National NGO,,,,,,connector_web,,,,"SEMC publishes price bulletins for staples (flour, fuel, gas) in Yemen’s main cities.  Integrate via PDF scraping.",Market prices,extended,ACTIVE,True
SRC-019,19,FEWS NET Monthly Price Bulletins,,Food security,UNKNOWN,,https://fews.net/west-africa/yemen,[FEWS NET Data](https://fews.net/west-africa/yemen),WEB,Monthly,MONTHLY,,,Global,,,,,,connector_web,,,,Famine Early Warning Systems Network provides market price bulletins and integrated food security outlooks; includes Yemen; open data.,Food security,extended,ACTIVE,True
SRC-020,20,Integrated Food Security Phase Classification (IPC) Analysis,,Food security severity,UNKNOWN,,https://www.ipcinfo.org,[IPC Info](https://www.ipcinfo.org),WEB,Semi‑annual,ANNUAL,,,Global,,,,,,connector_web,,,,Provides classification of food insecurity phases per governorate; narrative and maps; ingest for context.,Food security severity,extended,ACTIVE,True
SRC-021,21,UNICEF Multiple Indicator Cluster Surveys (MICS) – Yemen,,Nutrition & household expenditure,T1,,https://mics.unicef.org,[MICS Data](https://mics.unicef.org),WEB,Occasional (latest pre‑conflict),IRREGULAR,,,Global,,,,,,connector_web,,,,"Household surveys capturing nutrition, child health, and some expenditure data.  Yemen’s last MICS in 2006; still useful for baseline.",Nutrition & household expenditure,extended,ACTIVE,True
SRC-022,22,World Health Organization Global Health Observatory,,Health prices & medical costs,UNKNOWN,,https://ghoapi.azureedge.net,[WHO GHO API](https://ghoapi.azureedge.net),API,Annual,ANNUAL,,,Global,,,,,,connector_api,,,,"Provides health expenditure per capita, out‑of‑pocket spending, and health system indicators.  Use as proxy for cost of health.",Health prices & medical costs,extended,ACTIVE,True
SRC-023,23,Central Bank of Yemen FX Auction Archive (Aden),,Official FX auctions,T1,Central Bank of Yemen,http://cby-ye.com,[CBY Aden site](http://cby-ye.com),WEB,Weekly,WEEKLY,,,National,,,,,,connector_web,,,,Already in master registry; keep.,Official FX auctions,extended,ACTIVE,True
SRC-024,24,IMF Direction of Trade Statistics (DOTS),,Trade & FX proxies,T1,International Monetary Fund,https://sdmx.imf.org/,[IMF DOTS API](https://sdmx.imf.org/),API,Quarterly,QUARTERLY,,,Global,,,,,,connector_api,,,,Provides country‑pair trade flows used to infer FX positions; complement Comtrade.,Trade & FX proxies,extended,ACTIVE,True
SRC-025,25,Bank for International Settlements (BIS) Triennial Central Bank Survey,,FX turnover,T1,,https://stats.bis.org/statistics,[BIS Statistics](https://stats.bis.org/statistics),WEB,Every 3 years,IRREGULAR,,,Global,,,,,,connector_web,,,,"Provides data on global currency trading, including USD/YER turnover if reported; low coverage; useful for context.",FX turnover,extended,ACTIVE,True
SRC-026,26,International Finance Corporation (IFC) Investments,,Private finance,UNKNOWN,,https://disclosures.ifc.org,[IFC Projects Portal](https://disclosures.ifc.org),WEB,Continuous,IRREGULAR,,,Global,,,,,,connector_web,,,,"Shows IFC investments and advisory services in Yemen; extract investment amounts, dates, sectors.",Private finance,extended,ACTIVE,True
SRC-027,27,Arab Trade Financing Program (ATFP),,Trade finance,T1,,https://www.atfp.org,[ATFP Annual reports](https://www.atfp.org),WEB,Annual,ANNUAL,,,Regional,,,,,,connector_web,,,,Contains statistics on trade finance extended to Yemeni banks; good for understanding import finance availability.,Trade finance,extended,ACTIVE,True
SRC-028,28,World Bank Enterprise Finance Gap Database,,SME finance,T1,World Bank,https://www.worldbank.org/en/programs/credit-info-access/brief/enterprise-finance-gap-database,[Finance Gap Database](https://www.worldbank.org/en/programs/credit-info-access/brief/enterprise-finance-gap-database),WEB,Periodic,IRREGULAR,,,Global,,,,,,connector_web,,,,Estimates financing gaps for SMEs; includes Yemen; can supplement microfinance data.,SME finance,extended,ACTIVE,True
SRC-029,29,FinDev Gateway,,Microfinance & financial inclusion,UNKNOWN,,https://finDevgateway.org,[FinDev Data](https://finDevgateway.org),WEB,Occasional,IRREGULAR,,,Global,,,,,,connector_web,,,,Reports and datasets on microfinance; search for Yemen; cross‑reference with YMN.,Microfinance & financial inclusion,extended,ACTIVE,True
SRC-030,30,FATF (Financial Action Task Force) Grey List/Mutual Evaluation,,AML/CFT,UNKNOWN,FATF,https://www.fatf-gafi.org,[FATF Documents](https://www.fatf-gafi.org),WEB,Occasional,IRREGULAR,,,Global,,,,,,connector_web,,,,Reports on Yemen’s AML/CFT compliance; relevant for banking sector risk; narrative only.,AML/CFT,extended,ACTIVE,True
SRC-031,31,MENA Financial Inclusion Dashboard (World Bank / Arab Monetary Fund),,Inclusion,T1,World Bank,https://arabfinancialinclusion.info,[MENA FI data](https://arabfinancialinclusion.info),WEB,Annual,ANNUAL,,,Regional,,,,,,connector_web,,,,"Provides indicators on access to finance, account penetration, digital payments.",Inclusion,extended,ACTIVE,True
SRC-032,32,Payment Rail Maps (GSMA & UNCDF),,Mobile money and payments,UNKNOWN,,https://www.gsma.com/mobilemoneymetrics/,[GSMA Mobile Money Metrics](https://www.gsma.com/mobilemoneymetrics/),WEB,Annual,ANNUAL,,,Global,,,,,,connector_web,,,,Data on mobile money deployments and transaction volumes; may cover Yemen; cross‑check with mobile operators.,Mobile money and payments,extended,ACTIVE,True
SRC-033,33,Sana’a Center Budget/Banking Analysis Papers,,Banking & Public Finance,UNKNOWN,,https://sanaacenter.org/publications,[Sana’a Center Publications](https://sanaacenter.org/publications),WEB,Irregular,IRREGULAR,,,NGO,,,,,,connector_web,,,,"Analytical papers on the banking sector, bank splits, liquidity; ingest as documents.",Banking & Public Finance,extended,ACTIVE,True
SRC-034,34,Transparency International Corruption Perceptions Index,,Governance,UNKNOWN,,https://www.transparency.org/en/cpi,[CPI Data](https://www.transparency.org/en/cpi),WEB,Annual,ANNUAL,,,Global,,,,,,connector_web,,,,Global ranking of corruption perceptions; includes Yemen; used to benchmark governance environment.,Governance,extended,ACTIVE,True
SRC-035,35,World Bank BOOST Public Finance Database,,Public finance,T1,World Bank,https://boost.worldbank.org,[BOOST Data](https://boost.worldbank.org),WEB,Annual (varies by country),ANNUAL,,,Global,,,,,,connector_web,,,,Contains government expenditure and revenue data by sector for some countries; check if Yemen pre‑2014 data exists.,Public finance,extended,ACTIVE,True
SRC-036,36,Open Budget Survey (International Budget Partnership),,Budget transparency,UNKNOWN,,https://internationalbudget.org/open-budget-survey/,[OBS Data](https://internationalbudget.org/open-budget-survey/),WEB,Biannual,ANNUAL,,,Global,,,,,,connector_web,,,,"Scores budget transparency, participation and oversight; Yemen scored 0 in recent years.",Budget transparency,extended,ACTIVE,True
SRC-037,37,OECD International Development Statistics (CRS),,Aid & budget support,T1,,https://stats.oecd.org,[OECD CRS](https://stats.oecd.org),WEB,Annual,ANNUAL,,,Global,,,,,,connector_web,,,,Donor funding by sector/project; includes aid flows to Yemen not captured in FTS.,Aid & budget support,extended,ACTIVE,True
SRC-038,38,UN General Assembly Resolutions & Security Council Resolutions,,Political & sanctions,T1,,https://undocs.org,[UN Documents](https://undocs.org),WEB,Continuous,IRREGULAR,,,Global,,,,,,connector_web,,,,"Provide official sanction mandates, budget authorisations for UN missions; treat as legal documents; link to events.",Political & sanctions,extended,ACTIVE,True
SRC-039,39,Yemen Port Authority & UNVIM Import Reports,,Port throughput,UNKNOWN,,https://www.unvimonitor.org,[UNVIM monthly updates](https://www.unvimonitor.org),WEB,Monthly,MONTHLY,,,National/UN,,,,,,connector_web,,,,"Data on fuel and food shipments through Hodeidah, Salif and Ras Isa ports; used as trade and supply proxies.",Port throughput,extended,ACTIVE,True
SRC-040,40,International Budget Partnership – Yemen,,Civil society,UNKNOWN,,https://internationalbudget.org,[IBP papers](https://internationalbudget.org),WEB,Occasional,IRREGULAR,,,Global,,,,,,connector_web,,,,Reports on Yemen’s budget process and transparency; narrative.,Civil society,extended,ACTIVE,True
SRC-041,41,Tax Justice Network Financial Secrecy Index,,Offshore finance,UNKNOWN,,https://fsi.taxjustice.net,[FSI Data](https://fsi.taxjustice.net),WEB,Biennial,IRREGULAR,,,Global,,,,,,connector_web,,,,Provides ranking of secrecy jurisdictions; Yemen may be included; used for context.,Offshore finance,extended,ACTIVE,True
SRC-042,42,United Nations Panel of Experts on Yemen Reports,,Sanctions & compliance,T1,,https://www.undocs.org,[UN Panel Reports via UN DOCS](https://www.undocs.org),WEB,Annual,ANNUAL,,,Global,,,,,,connector_web,,,,"Investigates implementation of sanctions, arms embargo violations, illicit finance; includes detailed annexes.  Ingest as documents (sensitive).",Sanctions & compliance,extended,ACTIVE,True
SRC-043,43,World Trade Organization (WTO) Tariff Database,,Tariffs & trade policy,UNKNOWN,,https://www.wto.org/english/tratop_e/tariffs_e/tariff_data_e.htm,[WTO Tariff Data](https://www.wto.org/english/tratop_e/tariffs_e/tariff_data_e.htm),WEB,Irregular,IRREGULAR,,,Global,,,,,,connector_web,,,,Contains applied and bound tariffs; Yemen not WTO member but data may exist via Gulf Cooperation Council; treat as context.,Tariffs & trade policy,extended,ACTIVE,True
SRC-044,44,UN Liner Shipping Connectivity Index (LSCI),,Trade infrastructure,T1,UNCTAD,https://unctadstat.unctad.org,[UNCTAD LSCI](https://unctadstat.unctad.org),WEB,Annual,ANNUAL,,,Global,,,,,,connector_web,,,,Measures maritime connectivity; Yemen’s score can be used as proxy for trade facilitation and shipping disruptions.,Trade infrastructure,extended,ACTIVE,True
SRC-045,45,UN Vehicle Registration Data (if available),,Transport & commerce,T1,,https://unece.org,[UNECE Vehicle Database](https://unece.org),WEB,Annual,ANNUAL,,,Global,,,,,,connector_web,,,,May provide vehicle registrations for Yemen; relevant to transport sector.,Transport & commerce,extended,ACTIVE,True
SRC-046,46,World Bank Logistics Performance Index (LPI),,Trade facilitation,T1,World Bank,https://lpi.worldbank.org/,[LPI Data](https://lpi.worldbank.org/),WEB,Biennial,IRREGULAR,,,Global,,,,,,connector_web,,,,Ranking of countries’ logistics performance; Yemen historically scored low; use as context.,Trade facilitation,extended,ACTIVE,True
SRC-047,47,Economic Research Forum (ERF) Trade Papers,,Research,UNKNOWN,,https://erf.org.eg/publications,[ERF Publications](https://erf.org.eg/publications),WEB,Occasional,IRREGULAR,,,Regional,,,,,,connector_web,,,,Scholarly papers on trade and commerce in the Middle East; some on Yemen; ingest for narrative context.,Research,extended,ACTIVE,True
SRC-048,48,ICCIA (Islamic Chamber of Commerce & Industry),,Private sector trade,UNKNOWN,,https://iccia.com,[ICCIA reports](https://iccia.com),WEB,Annual,ANNUAL,,,Regional,,,,,,connector_web,,,,Reports on intra‑OIC trade; may include Yemen’s trade ties with Islamic countries.,Private sector trade,extended,ACTIVE,True
SRC-049,49,US Energy Information Administration (EIA) International Data,,Energy,T1,US Energy Information Administration (EIA),https://www.eia.gov/international/data/,[EIA International Data](https://www.eia.gov/international/data/),WEB,Annual,ANNUAL,,,Global,,,,,,connector_web,,,,"Provides country energy statistics: oil production/consumption, exports, CO₂ emissions; limited for Yemen but useful for global context.",Energy,extended,ACTIVE,True
SRC-050,50,BP Statistical Review of World Energy,,Energy,UNKNOWN,,https://www.bp.com,[BP Review](https://www.bp.com),WEB,Annual,ANNUAL,,,Global/Commercial,,,,,,connector_web,,,,Contains global energy production and consumption data; includes Yemen (oil production numbers).  *Check licensing.*,Energy,extended,ACTIVE,True
SRC-051,51,OPEC Annual Statistical Bulletin,,Oil market,T1,OPEC,https://asb.opec.org,[OPEC ASB](https://asb.opec.org),WEB,Annual,ANNUAL,,,Global/Regional,,,,,,connector_web,,,,Provides detailed crude oil production by member countries; Yemen not a member but regionally relevant; can cross‑check supply.,Oil market,extended,ACTIVE,True
SRC-052,52,ICE Brent Crude Price,,Oil price,UNKNOWN,,https://www.theice.com/products/219/Brent-Crude-Futures,[ICE Futures API](https://www.theice.com/products/219/Brent-Crude-Futures),WEB,Daily,DAILY,,,Global,,,,,,connector_web,,,,International benchmark oil price; necessary for scenario modeling; license required for real‑time feed; use public index if available.,Oil price,extended,ACTIVE,True
SRC-053,53,UN DP Partnership for Renewable Energy in Yemen,,Energy & development,T1,,https://www.undp.org/yemen/projects,[UNDP Projects](https://www.undp.org/yemen/projects),WEB,Occasional,IRREGULAR,,,Global/UN,,,,,,connector_web,,,,Documents renewable energy projects (solar micro‑grids); includes installation numbers and beneficiaries; parse for impact metrics.,Energy & development,extended,ACTIVE,True
SRC-054,54,University of Maryland Integrated Public Use Microdata Series (IPUMS) – Energy Use,,Energy use proxies,UNKNOWN,,https://international.ipums.org,[IPUMS Microdata](https://international.ipums.org),WEB,Census waves (not recent),IRREGULAR,,,Global,,,,,,connector_web,,,,Provides microdata on household energy use from previous censuses; Yemen 2004 census microdata available; useful for baseline energy access.,Energy use proxies,extended,ACTIVE,True
SRC-055,55,World Bank Jobs Diagnostic for Yemen (2015),,Labor & employment,T1,World Bank,https://documents.worldbank.org,[WB Jobs Diagnostic](https://documents.worldbank.org),WEB,One‑off,IRREGULAR,,,Global,,,,,,connector_web,,,,"Provides labour force statistics, unemployment rates, wages, and structural unemployment analysis; baseline before conflict.",Labor & employment,extended,ACTIVE,True
SRC-056,56,UNDP Yemen Economic Resilience & Livelihoods Studies,,Jobs & cash transfers,T1,,https://www.undp.org/yemen,[UNDP Yemen site](https://www.undp.org/yemen),WEB,Occasional,IRREGULAR,,,Global/UN,,,,,,connector_web,,,,"Reports on cash-for-work programmes, livelihood outcomes; may include small datasets on job creation.",Jobs & cash transfers,extended,ACTIVE,True
SRC-057,57,ILO Regional Office Studies,,Labor rights,T1,,https://www.ilo.org/beirut/,[ILO Publications](https://www.ilo.org/beirut/),WEB,Occasional,IRREGULAR,,,Global,,,,,,connector_web,,,,Reports on labour market dynamics in Arab region; may include Yemen; narrative but important context.,Labor rights,extended,ACTIVE,True
SRC-058,58,GSMA Mobile Gender Gap Report,,Digital gender gap & labour,UNKNOWN,,https://www.gsma.com/mobilefordevelopment,[GSMA Reports](https://www.gsma.com/mobilefordevelopment),WEB,Annual,ANNUAL,,,Global,,,,,,connector_web,,,,Contains data on mobile ownership and usage by gender; proxy for access to digital labour markets; may include Yemen via modelling.,Digital gender gap & labour,extended,ACTIVE,True
SRC-059,59,UNFPA Youth & NEET Studies,,Youth unemployment,T1,,https://yemen.unfpa.org,[UNFPA publications](https://yemen.unfpa.org),WEB,Occasional,IRREGULAR,,,Global/UN,,,,,,connector_web,,,,"Studies on youth not in employment, education or training (NEET), and demographic dividends.",Youth unemployment,extended,ACTIVE,True
SRC-060,60,The World Bank Global Wage Database,,Wages,T1,World Bank,https://data.worldbank.org/indicator/SL.EMP.WORK.ZS,[Wage indicators](https://data.worldbank.org/indicator/SL.EMP.WORK.ZS),WEB,Annual,ANNUAL,,,Global,,,,,,connector_web,,,,Contains wages/earnings but limited for Yemen; still note as potential source.,Wages,extended,ACTIVE,True
SRC-061,61,AidData (William & Mary),,Aid & projects,UNKNOWN,,https://aiddata.org/datasets,[AidData Database](https://aiddata.org/datasets),WEB,Annual/Continuous,ANNUAL,,,Global,,,,,,connector_web,,,,Large database of development finance; includes some Yemen projects with geolocation; can augment IATI/FTS; registration required.,Aid & projects,extended,ACTIVE,True
SRC-062,62,World Bank Projects & Operations API,,Development projects,T1,World Bank,https://api.worldbank.org/v2/country/YEM/project?format=json,[WB Projects API](https://api.worldbank.org/v2/country/YEM/project?format=json),API,Continuous,IRREGULAR,,,Global,,,,,,connector_api,,,,"Already in master registry; includes project titles, funding, status; integrate fully.",Development projects,extended,ACTIVE,True
SRC-063,63,IFAD (International Fund for Agricultural Development) Projects,,Rural development,UNKNOWN,,https://www.ifad.org/en/web/operations/w/country/yemen,[IFAD Project Database](https://www.ifad.org/en/web/operations/w/country/yemen),WEB,Continuous,IRREGULAR,,,Global,,,,,,connector_web,,,,"Lists IFAD-funded projects (e.g., fisheries, irrigation, smallholder support); parse budgets and beneficiaries.",Rural development,extended,ACTIVE,True
SRC-064,64,Islamic Development Bank (IsDB) Project Data,,Development projects,UNKNOWN,,https://www.isdb.org/projects,[IsDB Projects](https://www.isdb.org/projects),WEB,Continuous,IRREGULAR,,,Regional,,,,,,connector_web,,,,Contains approved and active projects in Yemen; extract funding amounts and sectors; licensing open.,Development projects,extended,ACTIVE,True
SRC-065,65,USAID (US Agency for International Development) Assistance,,Development/humanitarian aid,UNKNOWN,,https://www.usaid.gov/yemen,[USAID Yemen page](https://www.usaid.gov/yemen),WEB,Continuous,IRREGULAR,,,Global,,,,,,connector_web,,,,Contains press releases and project summaries; budget info may be limited; complement IATI.,Development/humanitarian aid,extended,ACTIVE,True
SRC-066,66,EU ECHO Humanitarian Aid,,Humanitarian aid,T1,European Union,https://civil-protection-humanitarian-aid.ec.europa.eu,[ECHO Yemen page](https://civil-protection-humanitarian-aid.ec.europa.eu),WEB,Continuous,IRREGULAR,,,Global/EU,,,,,,connector_web,,,,Provides funding allocations by sector; cross‑check with FTS; ingest as documents.,Humanitarian aid,extended,ACTIVE,True
SRC-067,67,King Salman Humanitarian Aid and Relief Centre (KSrelief) Project Database,,Humanitarian/development,UNKNOWN,,https://www.ksrelief.org,[KSrelief Projects](https://www.ksrelief.org),WEB,Continuous,IRREGULAR,,,Regional,,,,,,connector_web,,,,Lists aid projects financed by Saudi Arabia; includes budgets and sectors; incorporate for donor profiles.,Humanitarian/development,extended,ACTIVE,True
SRC-068,68,Emirates Red Crescent & Other UAE Entities,,Humanitarian/development,UNKNOWN,,https://www.emiratesrc.ae,[ERC site](https://www.emiratesrc.ae),WEB,Continuous,IRREGULAR,,,Regional,,,,,,connector_web,,,,Provides information on aid projects in Yemen; may not be comprehensive; glean from Arabic press and FTS cross‑references.,Humanitarian/development,extended,ACTIVE,True
SRC-069,69,Qatar Charity & Qatar Development Fund,,Aid,UNKNOWN,,https://www.qcharity.org,[Qatar Charity](https://www.qcharity.org),WEB,Continuous,IRREGULAR,,,Regional,,,,,,connector_web,,,,Aid programmes in Yemen; parse available information; treat with caution.,Aid,extended,ACTIVE,True
SRC-070,70,China International Development Cooperation Agency (CIDCA),,Aid & infrastructure,UNKNOWN,,http://en.cidca.gov.cn,[CIDCA press releases](http://en.cidca.gov.cn),WEB,Irregular,IRREGULAR,,,Global,,,,,,connector_web,,,,China-financed development projects; may involve ports/energy; gather announcements.,Aid & infrastructure,extended,ACTIVE,True
SRC-071,71,KfW & GIZ Yemen programmes,,Aid & technical cooperation,UNKNOWN,,https://www.giz.de/en/worldwide/38340.html,[GIZ Projects Database](https://www.giz.de/en/worldwide/38340.html),WEB,Continuous,IRREGULAR,,,Regional,,,,,,connector_web,,,,Lists German development and technical assistance projects in Yemen.,Aid & technical cooperation,extended,ACTIVE,True
SRC-072,72,Japan International Cooperation Agency (JICA) Yemen,,Aid,UNKNOWN,,https://www.jica.go.jp/english,[JICA Projects](https://www.jica.go.jp/english),WEB,Occasional,IRREGULAR,,,Global,,,,,,connector_web,,,,"Contains small projects (health, water); parse details.",Aid,extended,ACTIVE,True
SRC-073,73,World Food Programme Project Pipeline (WFP OPS),,Food aid,T1,WFP,https://ops.wfp.org,[WFP OPS Portal](https://ops.wfp.org),WEB,Continuous,IRREGULAR,,,Global,,,,,,connector_web,,,,"Detailed dataset of WFP’s operations, budgets, beneficiaries, and outputs; API available; cross‑link with Aid Tracker.",Food aid,extended,ACTIVE,True
SRC-074,74,OCHA 3W (“Who Does What Where”) Datasets,,Projects & coverage,T1,UN OCHA,https://data.humdata.org,[HDX 3W Yemen](https://data.humdata.org),WEB,Quarterly,QUARTERLY,,,Global,,,,,,connector_web,,,,"Lists humanitarian projects by organisation, cluster, geography; includes output metrics; integrate into geospatial viewer.",Projects & coverage,extended,ACTIVE,True
SRC-075,75,FAO AQUASTAT,,Water resources,T1,FAO,https://www.fao.org/aquastat/en,[AQUASTAT database](https://www.fao.org/aquastat/en),WEB,Annual,ANNUAL,,,Global,,,,,,connector_web,,,,"Provides data on water withdrawal, irrigation, and renewable water resources; may have Yemen entries; use for rural development analysis.",Water resources,extended,ACTIVE,True
SRC-076,76,FSIS (Food Security Information System) Bulletins,,Food security,T1,,https://www.fsinplatform.org,[FSIS Yemen](https://www.fsinplatform.org),WEB,Monthly/Quarterly,MONTHLY,,,Global/UN,,,,,,connector_web,,,,"Joint analysis by FAO/WFP/FSAC; includes food basket cost, market integration, and IPC updates.",Food security,extended,ACTIVE,True
SRC-077,77,Yemen Desert Locust Control Programme,,Agricultural pests,T1,FAO,https://www.fao.org/ag/locusts,[FAO Locust Watch](https://www.fao.org/ag/locusts),WEB,Monthly,MONTHLY,,,Regional,,,,,,connector_web,,,,Reports on desert locust infestations and control operations; relevant for crop yields.,Agricultural pests,extended,ACTIVE,True
SRC-078,78,International Fertilizer Association (IFA),,Fertiliser consumption,UNKNOWN,,https://www.fertilizer.org,[IFA statistics](https://www.fertilizer.org),WEB,Annual,ANNUAL,,,Global,,,,,,connector_web,,,,Data on fertiliser use; though Yemen-specific data may be limited; can use regional proxies.,Fertiliser consumption,extended,ACTIVE,True
SRC-079,79,Agricultural Market Information System (AMIS),,Global food market,UNKNOWN,,https://app.amis-outlook.org,[AMIS](https://app.amis-outlook.org),WEB,Monthly,MONTHLY,,,Global,,,,,,connector_web,,,,Provides global cereals supply/demand and price outlook; used for context on import costs.,Global food market,extended,ACTIVE,True
SRC-080,80,U.S. Department of Agriculture (USDA) PSD Database,,Commodity balances,UNKNOWN,,https://apps.fas.usda.gov/psdonline,[PSD Online](https://apps.fas.usda.gov/psdonline),WEB,Monthly,MONTHLY,,,Global,,,,,,connector_web,,,,"Commodity production, consumption and trade balances by country; includes Yemen for selected crops; check coverage.",Commodity balances,extended,ACTIVE,True
SRC-081,81,UNICEF Yemen Education Cluster Reports,,Education,T1,,https://educationcluster.net/yemen,[Yemen Education Cluster](https://educationcluster.net/yemen),WEB,Quarterly,QUARTERLY,,,Global/UN,,,,,,connector_web,,,,"Reports on school availability, enrolment, gender parity, infrastructure damage; includes small datasets.",Education,extended,ACTIVE,True
SRC-082,82,"WHO/UNICEF Joint Monitoring Programme (JMP) for Water Supply, Sanitation and Hygiene",,WASH,T1,,https://washdata.org,[JMP Data](https://washdata.org),WEB,Annual/Biennial,ANNUAL,,,Global,,,,,,connector_web,,,,"Provides estimates of access to drinking water, sanitation, hygiene services; includes Yemen; may rely on pre‑conflict surveys; still used as baseline.",WASH,extended,ACTIVE,True
SRC-083,83,UN Women Gender Equality Measurements,,Gender & development,T1,,https://data.unwomen.org,[UN Women Data Hub](https://data.unwomen.org),WEB,Annual,ANNUAL,,,Global,,,,,,connector_web,,,,"Includes indicators on gender equality, women’s participation; limited for Yemen but informative.",Gender & development,extended,ACTIVE,True
SRC-084,84,Yemen Humanitarian Needs Overview (HNO),,Needs & severity,T1,ReliefWeb,https://reliefweb.int,[OCHA HNO](https://reliefweb.int),WEB,Annual,ANNUAL,,,Global/UN,,,,,,connector_web,,,,Summarises people in need by sector and governorate; includes severity scores; narrative and some numeric tables; extract into data points.,Needs & severity,extended,ACTIVE,True
SRC-085,85,The World Bank High Frequency Phone Surveys (Yemen),,Social & economic impact,T1,World Bank,https://microdata.worldbank.org,[COVID‑19 HFPS](https://microdata.worldbank.org),WEB,Occasional (2020–2022),IRREGULAR,,,Global,,,,,,connector_web,,,,"Conducted to measure COVID‑19 impact on households; includes employment, income, food security; microdata available upon request.",Social & economic impact,extended,ACTIVE,True
SRC-086,86,Gallup World Poll (Yemen),,Well‑being & perceptions,T3,,https://www.gallup.com/analytics,[Gallup Data](https://www.gallup.com/analytics),WEB,Annual,ANNUAL,,,Global,,,,,,connector_web,,,,"Surveys measuring well‑being, perceptions of government, access to services; may include Yemen; subscription required.",Well‑being & perceptions,extended,ACTIVE,True
SRC-087,87,"GDELT Project (Global Database of Events, Language and Tone)",,Conflict & events,T2,,https://www.gdeltproject.org,[GDELT 2 Dataset via Google BigQuery](https://www.gdeltproject.org),WEB,Daily,DAILY,,,Global,,,,,,connector_web,,,,Provides automatically extracted events and tone from global media; can be filtered for Yemen; used as fallback if ACLED unavailable; treat as media‑derived and low confidence.,Conflict & events,extended,ACTIVE,True
SRC-088,88,Global Terrorism Database (GTD),,Terrorism events,UNKNOWN,,https://www.start.umd.edu/gtd/,[GTD](https://www.start.umd.edu/gtd/),WEB,Annual release,ANNUAL,,,Global,,,,,,connector_web,,,,Contains incidents of terrorism worldwide; includes events in Yemen; may help contextualise conflict intensity.,Terrorism events,extended,ACTIVE,True
SRC-089,89,Stockholm International Peace Research Institute (SIPRI) Arms Transfers Database,,Arms trade & embargo violations,T1,,https://armstrade.sipri.org,[SIPRI](https://armstrade.sipri.org),WEB,Annual,ANNUAL,,,Global,,,,,,connector_web,,,,"Contains data on transfers of major weapons systems, including arms flows to parties in Yemen; informs sanctions/compliance modules.",Arms trade & embargo violations,extended,ACTIVE,True
SRC-090,90,Armed Conflict Survey (IISS),,Armed conflict analysis,T3,,https://www.iiss.org,[IISS Publications](https://www.iiss.org),WEB,Annual,ANNUAL,,,Global,,,,,,connector_web,,,,Provides analysis of conflict dynamics; includes Yemen; subscription required; treat as narrative.,Armed conflict analysis,extended,ACTIVE,True
SRC-091,91,International Crisis Group (ICG) Reports,,Conflict & political economy,UNKNOWN,,https://www.crisisgroup.org,[ICG Yemen reports](https://www.crisisgroup.org),WEB,Occasional,IRREGULAR,,,Global NGO,,,,,,connector_web,,,,"In-depth analyses of conflict dynamics, peace initiatives, economic impacts; narrative; ingest as documents.",Conflict & political economy,extended,ACTIVE,True
SRC-092,92,World Peace Foundation “Political Economy of War” Dataset,,War economy,UNKNOWN,,https://sites.tufts.edu/wpf/,[World Peace Foundation](https://sites.tufts.edu/wpf/),WEB,Occasional,IRREGULAR,,,Global,,,,,,connector_web,,,,Provides data and case studies on war economies; may include Yemen; useful for context.,War economy,extended,ACTIVE,True
SRC-093,93,Conflict Research Programme (LSE),,Political economy,UNKNOWN,,https://blogs.lse.ac.uk/crp/,[CRP Publications](https://blogs.lse.ac.uk/crp/),WEB,Occasional,IRREGULAR,,,Academia,,,,,,connector_web,,,,"Research papers on rent-seeking, wartime economies; includes Yemen case studies; narrative.",Political economy,extended,ACTIVE,True
SRC-094,94,OpenStreetMap (OSM) Yemen Infrastructure Layers,,Infrastructure mapping,T2,,https://download.geofabrik.de/asia/yemen.html,[OSM extracts via Geofabrik](https://download.geofabrik.de/asia/yemen.html),WEB,Continuous,IRREGULAR,,,Global/Open,,,,,,connector_web,,,,"Provide shapefiles of roads, bridges, schools, health facilities; used for mapping infrastructure damage and coverage; license: ODbL (open).",Infrastructure mapping,extended,ACTIVE,True
SRC-095,95,Yemen Infrastructure Damage Database (UNDAC/REACH),,Damage assessment,T2,,https://www.reach-initiative.org,[REACH Initiative Data](https://www.reach-initiative.org),WEB,Irregular,IRREGULAR,,,UN/NGO,,,,,,connector_web,,,,"Contains geolocated points of infrastructure damage (bridges, hospitals, schools) collected via satellite and field surveys.  Ingest as geospatial layer.",Damage assessment,extended,ACTIVE,True
SRC-096,96,UNOPS Projects & Infrastructure Registry,,Infrastructure projects,UNKNOWN,,https://data.unops.org,[UNOPS Project Database](https://data.unops.org),WEB,Continuous,IRREGULAR,,,UN,,,,,,connector_web,,,,"Lists UNOPS projects (roads, bridges, water systems) with budgets and completion status; vital for infrastructure module.",Infrastructure projects,extended,ACTIVE,True
SRC-097,97,World Bank Infrastructure Projects,,Infrastructure,T1,World Bank,https://api.worldbank.org/v2/country/YEM/project,[WB Projects API](https://api.worldbank.org/v2/country/YEM/project),API,Continuous,IRREGULAR,,,Global,,,,,,connector_api,,,,Already included; emphasise infrastructure subsector tags.,Infrastructure,extended,ACTIVE,True
SRC-098,98,"Humanitarian Logistics Cluster (Speed Restriction, Road Condition Reports)",,Road access,UNKNOWN,,https://logcluster.org/ops/yem10a,[Logistics Cluster Yemen](https://logcluster.org/ops/yem10a),WEB,Continuous,IRREGULAR,,,UN/NGO,,,,,,connector_web,,,,"Updates on road closures, damaged bridges, and alternate routes; ingest into timeline and map overlays.",Road access,extended,ACTIVE,True
SRC-099,99,UNCTAD World Investment Report,,FDI,T1,UNCTAD,https://unctad.org/topic/investment/world-investment-report,[WIR](https://unctad.org/topic/investment/world-investment-report),WEB,Annual,ANNUAL,,,Global,,,,,,connector_web,,,,Provides trends and statistics on foreign direct investment flows; includes regional context for Yemen; supplement UNCTADstat.,FDI,extended,ACTIVE,True
SRC-100,100,Yemen General Investment Authority (YGIA),,Investment climate,UNKNOWN,,https://www.ygiahq.com,[YGIA publications](https://www.ygiahq.com),WEB,Irregular,IRREGULAR,,,National,,,,,,connector_web,,,,Provides investment promotion materials and data on licensed investment projects; seldom updated; treat with caution.,Investment climate,extended,ACTIVE,True
SRC-101,101,International Finance Corporation (IFC) Country Private Sector Diagnostic (CPSD),,Private sector analysis,UNKNOWN,,https://www.ifc.org,[IFC CPSDs](https://www.ifc.org),WEB,Occasional,IRREGULAR,,,Global,,,,,,connector_web,,,,Analytical documents assessing constraints and opportunities in private sector; includes Yemen; narrative.,Private sector analysis,extended,ACTIVE,True
SRC-102,102,ACAPS Yemen Analysis Hub (YETI),,Research/early warning,T2,,https://www.acaps.org/country/yemen,[ACAPS YETI](https://www.acaps.org/country/yemen),WEB,Continuous,IRREGULAR,,,NGO,,,,,,connector_web,,,,"Provides scenario analyses, risk bulletins and thematic briefs; narrative with contextual data; high credibility.",Research/early warning,extended,ACTIVE,True
SRC-103,103,Sana’a Center for Strategic Studies,,Research & commentary,UNKNOWN,,https://sanaacenter.org,[Sana’a Center](https://sanaacenter.org),WEB,Continuous,IRREGULAR,,,National/International,,,,,,connector_web,,,,"Produces policy papers, economic briefs and weekly updates; narrative; widely used by analysts.",Research & commentary,extended,ACTIVE,True
SRC-104,104,Rethinking Yemen’s Economy Initiative (RYE),,Research,UNKNOWN,,https://devpolicy.org,[RYE Publications](https://devpolicy.org),WEB,Occasional,IRREGULAR,,,NGO,,,,,,connector_web,,,,"Joint initiative producing policy briefs on banking, fuel subsidies, private sector; narrative.",Research,extended,ACTIVE,True
SRC-105,105,World Bank Yemen Economic Monitor,,Research,T1,World Bank,https://www.worldbank.org/en/country/yemen/brief/yemen-economic-monitor,[WB Yemen Monitor](https://www.worldbank.org/en/country/yemen/brief/yemen-economic-monitor),WEB,Semi‑annual,ANNUAL,,,Global,,,,,,connector_web,,,,Provides narrative and data on macroeconomic developments; official WBG perspective.,Research,extended,ACTIVE,True
SRC-106,106,Chatham House Middle East & North Africa programme,,Research,UNKNOWN,,https://www.chathamhouse.org,[Chatham House Yemen Publications](https://www.chathamhouse.org),WEB,Occasional,IRREGULAR,,,Think tank,,,,,,connector_web,,,,"Provides analysis on political economy, conflict drivers, humanitarian issues; narrative.",Research,extended,ACTIVE,True
SRC-107,107,Oxford Institute for Energy Studies,,Energy research,UNKNOWN,,https://www.oxfordenergy.org,[OIES Publications](https://www.oxfordenergy.org),WEB,Occasional,IRREGULAR,,,Think tank,,,,,,connector_web,,,,Papers on oil and gas markets; may include Yemen; narrative.,Energy research,extended,ACTIVE,True
SRC-108,108,Atlantic Council’s Resilience Centre,,MENA research,UNKNOWN,,https://www.atlanticcouncil.org,[Atlantic Council reports](https://www.atlanticcouncil.org),WEB,Occasional,IRREGULAR,,,Think tank,,,,,,connector_web,,,,"Papers on Yemen’s economy, governance, and geopolitical context.",MENA research,extended,ACTIVE,True
SRC-109,109,Carnegie Middle East Center,,Political economy,UNKNOWN,,https://carnegie-mec.org,[Carnegie MENA](https://carnegie-mec.org),WEB,Occasional,IRREGULAR,,,Think tank,,,,,,connector_web,,,,Analytical articles; narrative.,Political economy,extended,ACTIVE,True
SRC-110,110,"World Bank’s Fragility, Conflict & Violence (FCV) Newsletter",,News & analyses,T1,World Bank,https://www.worldbank.org/en/topic/fragilityconflictviolence,[FCV Newsletter](https://www.worldbank.org/en/topic/fragilityconflictviolence),WEB,Quarterly,QUARTERLY,,,Global,,,,,,connector_web,,,,Updates on FCV research; includes Yemen case studies; narrative.,News & analyses,extended,ACTIVE,True
SRC-111,111,Reuters Yemen Economic News,,Media,T3,,https://www.reuters.com/world/middle-east/,[Reuters Middle East business news](https://www.reuters.com/world/middle-east/),WEB,Daily,DAILY,,,Global,,,,,,connector_web,,,,"For narrative updates on oil exports, currency, port operations; treat as information; cross‑verify.",Media,extended,ACTIVE,True
SRC-112,112,Al Jazeera Economy & Business (Yemen),,Media,T3,,https://www.aljazeera.com/economy,[Al Jazeera Business](https://www.aljazeera.com/economy),WEB,Daily,DAILY,,,Regional,,,,,,connector_web,,,,Provides Arabic‑language news on Yemen’s economy; cross‑check.,Media,extended,ACTIVE,True
SRC-113,113,Bloomberg Middle East,,Media,T3,,https://www.bloomberg.com/middle-east,[Bloomberg ME](https://www.bloomberg.com/middle-east),WEB,Daily,DAILY,,,Global,,,,,,connector_web,,,,Contains financial news and commentary; subscription for full access; treat as narrative.,Media,extended,ACTIVE,True
SRC-114,114,Asharq Al‑Awsat & The National (UAE),,Media,T3,,https://aawsat.com,[Asharq Economy](https://aawsat.com),WEB,Daily,DAILY,,,Regional,,,,,,connector_web,,,,Coverage on Yemen’s business and economy; narrative; cross‑verify.,Media,extended,ACTIVE,True
SRC-115,115,Saba News Agency (Aden & Sana’a),,Media,T3,,https://www.sabanew.net,"[Saba News](https://www.sabanew.net), [Saba (Sana’a)]",WEB,Daily,DAILY,,,National,,,,,,connector_web,,,,"Official news from both governments; use for announcements of policies, fuel price changes, etc.; treat with caution.",Media,extended,ACTIVE,True
SRC-116,116,Middle East Eye & Yemen Press,,Media,T3,,https://www.middleeasteye.net,[Middle East Eye](https://www.middleeasteye.net),WEB,Daily,DAILY,,,Regional,,,,,,connector_web,,,,Provides investigative reports and commentary; narrative; cross‑check.,Media,extended,ACTIVE,True
SRC-117,117,NASA MODIS Vegetation Indices (NDVI/EVI),,Vegetation & climate,UNKNOWN,,https://lpdaac.usgs.gov,[MODIS API](https://lpdaac.usgs.gov),WEB,16‑day composites,IRREGULAR,,,Global,,,,,,connector_web,,,,Provide NDVI/EVI values; used to track agricultural productivity and drought; aggregated to governorate level; open data.,Vegetation & climate,extended,ACTIVE,True
SRC-118,118,CAMS (Copernicus Atmosphere Monitoring Service) Air Quality and Dust Forecasts,,Environment & health,T1,,https://ads.atmosphere.copernicus.eu,[CAMS Data Store](https://ads.atmosphere.copernicus.eu),WEB,Daily,DAILY,,,Global,,,,,,connector_web,,,,"Provides dust storm forecasts and air quality metrics (PM10, PM2.5) which can impact livelihoods and health; integrate if relevant.",Environment & health,extended,ACTIVE,True
SRC-119,119,GHSL Global Human Settlement Layer,,Urbanisation & built environment,T1,European Union,https://ghsl.jrc.ec.europa.eu,[GHSL](https://ghsl.jrc.ec.europa.eu),WEB,"Periodic (1975, 1990, 2000, 2015)",IRREGULAR,,,Global,,,,,,connector_web,,,,Provides raster data on built‑up areas and population density; allows urban/rural comparisons.,Urbanisation & built environment,extended,ACTIVE,True
SRC-120,120,SMAP (Soil Moisture Active Passive) Satellite Data,,Water & agriculture,T2,,https://smap.jpl.nasa.gov,[NASA SMAP](https://smap.jpl.nasa.gov),WEB,Weekly,WEEKLY,,,Global,,,,,,connector_web,,,,Measures soil moisture; can signal drought conditions; aggregated to region; open data.,Water & agriculture,extended,ACTIVE,True
SRC-121,121,NOAA Integrated Surface Database (ISD),,Weather & climate,UNKNOWN,,https://www.ncei.noaa.gov/products/land-based-station/integrated-surface-database,[NOAA ISD](https://www.ncei.noaa.gov/products/land-based-station/integrated-surface-database),WEB,Hourly/daily,DAILY,,,Global,,,,,,connector_web,,,,"Provides weather observations (temperature, precipitation) from local stations; Yemen coverage may be limited; use for climate context.",Weather & climate,extended,ACTIVE,True
SRC-122,122,Rainfall Estimation from Satellite (ARC2/TRMM/GPM),,Rainfall,T2,,https://www.chc.ucsb.edu/data,[CHIRPS/ARC2/GPM datasets](https://www.chc.ucsb.edu/data),WEB,Daily,DAILY,,,Global,,,,,,connector_web,,,,Provide rainfall estimates which affect crop production and flooding; open data.,Rainfall,extended,ACTIVE,True
SRC-123,123,World Bank Global Solar Atlas,,Renewable energy potential,T1,World Bank,https://globalsolaratlas.info,[Global Solar Atlas](https://globalsolaratlas.info),WEB,Static (periodic updates),IRREGULAR,,,Global,,,,,,connector_web,,,,Provides solar irradiation data; used for renewable energy investment planning; open data.,Renewable energy potential,extended,ACTIVE,True
SRC-124,124,Oxford Economics Yemen Macro,,Macro Forecasts,T3,,,Subscription,,Quarterly,QUARTERLY,,,Commercial,,,,,,,,,,"Offers proprietary forecasts for Yemen’s GDP, inflation, exchange rate, etc.  *Needs Key/License* – store metadata only.",Macro Forecasts,extended,NEEDS_KEY,True
SRC-125,125,Bloomberg Terminal,,Exchange Rate & Market News,T3,,,Terminal,,Real-time,DAILY,,,Commercial,,,,,,,,,,Provides parallel market exchange rates and financial news; cannot be scraped.  Use only if license allows; otherwise mark as unavailable.,Exchange Rate & Market News,extended,NEEDS_KEY,True
SRC-126,126,Yemen Central Statistical Office Population Projections,,Demographics,T1,Central Statistical Organization (Yemen),,CSO reports (access via CSO or UNFPA),,Occasional (2014–2017),IRREGULAR,,,National,,,,,,,,,,Provides national and governorate population estimates; used by UN agencies.  Tag regime accordingly.,Demographics,extended,PENDING_REVIEW,True
SRC-127,127,Yemen Ministry of Industry & Trade,,Market prices & inflation,T1,Government of Yemen,,Press releases and bulletins,,Ad hoc,IRREGULAR,,,National,,,,,,,,,,May release official commodity price lists or inflation updates; scarce due to conflict.  Ingest if available.,Market prices & inflation,extended,PENDING_REVIEW,True
SRC-128,128,Yemen Petroleum Company (YPC) Official Fuel Prices,,Fuel prices,T1,,,Social media or official bulletins,,Irregular,IRREGULAR,,,National,,,,,,,,,,Official pump prices in Sana’a (DFA) published on YPC’s channels; must track via scraping or partner submissions.,Fuel prices,extended,NEEDS_KEY,True
SRC-129,129,Government of Yemen (Aden) Fuel Price Announcements,,Fuel prices,T1,,,Press releases and local media,,Irregular,IRREGULAR,,,National,,,,,,,,,,Announced by Ministry of Oil or other agencies; used to set official prices in IRG-controlled areas.,Fuel prices,extended,PENDING_REVIEW,True
SRC-130,130,Abdul Wahab Shukri FX Market Bulletin,,Parallel FX rates,T3,,,Telegram/WhatsApp groups (monitored by partners),,Daily,DAILY,,,National,,,,,,,,,,Informal bulletins by major money exchangers quoting market rates; may become part of partner feed; treat as anecdotal and store with low confidence.,Parallel FX rates,extended,NEEDS_KEY,True
SRC-131,131,Al Kuraimi Exchange Rate Feed,,Parallel FX rates,UNKNOWN,,,[Al Kuraimi Bank website/social media],,Daily,DAILY,,,National,,,,,,,,,,Some Yemeni banks publish daily exchange rates (buy/sell).  Scrape or partner feed; assign regime tag.,Parallel FX rates,extended,NEEDS_KEY,True
SRC-132,132,Saraf Online App,,Market FX rates,UNKNOWN,,,Mobile app (crowd‑sourced),,Daily,DAILY,,,National,,,,,,,,,,An app used by Yemeni traders posting parallel market rates; data may be accessible via API or manual capture; mark as low confidence.,Market FX rates,extended,PENDING_REVIEW,True
SRC-133,133,Central Bank of Yemen Sana’a Official Rate,,Official FX rate,T1,Central Bank of Yemen,,Press releases and bulletins,,Irregular,IRREGULAR,,,National,,,,,,,,,,Official rate in DFA; glean from Ministry of Finance bulletins or speeches.,Official FX rate,extended,PENDING_REVIEW,True
SRC-134,134,UN Commodity Trade Statistics (UNSD) for Mirror Trade,,Mirror trade & FX proxies,T1,,,Comtrade API (as above),,Annual,ANNUAL,,,Global,,,,,,,,,,Import/export of arms category; can be used to detect arms shipments (if any recorded).,Mirror trade & FX proxies,extended,PENDING_REVIEW,True
SRC-135,135,Association of Yemeni Banks (AYB),,Banking sector info,UNKNOWN,,,"Official statements, annual reports (if any)",,Ad hoc,IRREGULAR,,,National,,,,,,,,,,"Provide lists of licensed banks, branch openings, sector concerns; documentation may be found via local press; ingest into stakeholder profiles.",Banking sector info,extended,NEEDS_KEY,True
SRC-136,136,Yemen Microfinance Network (YMN) Quarterly Bulletin,,Microfinance,T1,,,Partner data (CSV/PDF),,Quarterly/Annual,QUARTERLY,,,National,,,,,,,,,,"Statistics on active borrowers, portfolio outstanding, portfolio at risk, by MFI; if partners share dataset; treat as sensitive; tag regime.",Microfinance,extended,NEEDS_KEY,True
SRC-137,137,Al Kuraimi Islamic Bank Annual Reports,,Banking,UNKNOWN,,,Company website,,Annual,ANNUAL,,,National (private),,,,,,,,,,"Provide financial statements (assets, deposits, profit) and branch network; parse for insights; may contain credit risk indicators.",Banking,extended,PENDING_REVIEW,True
SRC-138,138,Yemen Corporate Balance Sheets (Top Enterprises),,Private sector,UNKNOWN,,,Yemen Company Registry (leaked),,Unknown,IRREGULAR,,,National,,,,,,,,,,"If accessible via partners; includes financial data of major companies (oil, telecoms, manufacturing); sensitive; store metadata with caution.",Private sector,extended,NEEDS_KEY,True
SRC-139,139,Money Changers (Licensed and Unlicensed) Registry,,Exchangers,UNKNOWN,,,Ministry of Industry & Trade or CBY lists,,Occasional,IRREGULAR,,,National,,,,,,,,,,Lists of authorised money exchangers; glean from circulars and partner organisations; necessary for stakeholder pages.,Exchangers,extended,NEEDS_KEY,True
SRC-140,140,G7/G20 Aid Support Announcers,,Aid commitments,UNKNOWN,,,Press releases and communiqués,,Ad hoc,IRREGULAR,,,Global,,,,,,,,,,"Government and multilateral pledges for Yemen; capture announcements (e.g. Saudi Arabia, UAE, USA).",Aid commitments,extended,PENDING_REVIEW,True
SRC-141,141,Yemen Petroleum Company Fuel Subsidy Statements,,Subsidy policy,T1,,,Social media/news,,Irregular,IRREGULAR,,,National,,,,,,,,,,Announcements on subsidy adjustments; feed into subsidy tracker.,Subsidy policy,extended,PENDING_REVIEW,True
SRC-142,142,Yemen Customs Authority (if available),,Customs revenues,T1,Yemen Customs,,Press releases or leaked budgets,,Irregular,IRREGULAR,,,National,,,,,,,,,,May contain customs collection figures; scarce; treat as low confidence.,Customs revenues,extended,PENDING_REVIEW,True
SRC-143,143,Yemen Legislation Portal (Aden & Sana’a),,Laws & decrees,UNKNOWN,,,"Official gazettes, news sources",,Ad hoc,IRREGULAR,,,National,,,,,,,,,,"Collects public finance laws, budgets, tax decrees; vital for legal library.",Laws & decrees,extended,PENDING_REVIEW,True
SRC-144,144,Port of Aden & Port of Mukalla Throughput Reports,,Port volumes,T3,,,Port authorities or news releases,,Monthly/Quarterly,MONTHLY,,,National,,,,,,,,,,Data on container and cargo volumes handled by southern ports; glean from port authority websites or local media.,Port volumes,extended,PENDING_REVIEW,True
SRC-145,145,Dubai Ports World (DP World) Trade Reports,,Transhipment & logistics,UNKNOWN,,,Company annual reports,,Annual,ANNUAL,,,Commercial/Regional,,,,,,,,,,DP World manages Aden port; reports may contain Yemen trade throughput; treat as secondary.,Transhipment & logistics,extended,PENDING_REVIEW,True
SRC-146,146,Yemen Import & Export Licensing Data,,Trade regulation,UNKNOWN,,,"Ministry of Industry & Trade, press releases",,Ad hoc,IRREGULAR,,,National,,,,,,,,,,Document lists of authorised importers/exporters; may help track commodity flows; scarce.,Trade regulation,extended,PENDING_REVIEW,True
SRC-147,147,SAECA (Yemen Supreme Authority for Economic & Corporate Affairs),,Government trade oversight,UNKNOWN,,,Not active (possible),,Unknown,IRREGULAR,,,National,,,,,,,,,,"If revived, may publish commercial regulations; currently dormant.  Placeholder for future.",Government trade oversight,extended,PENDING_REVIEW,True
SRC-148,148,Yemen Customs Tariff Schedule,,Trade policy,T1,Yemen Customs,,Government gazette,,Ad hoc,IRREGULAR,,,National,,,,,,,,,,Contains lists of applied tariffs by HS code; needed for trade policy analysis; may be outdated.,Trade policy,extended,PENDING_REVIEW,True
SRC-149,149,Yemen Ministry of Oil & Minerals / Safer Exploration & Production Company,,Oil & gas production,T1,Government of Yemen,,Press releases and statements,,Ad hoc,IRREGULAR,,,National,,,,,,,,,,"Data on oil output, refinery operations, revenue sharing between Aden and Sana’a; highly politicised; glean via news.",Oil & gas production,extended,PENDING_REVIEW,True
SRC-150,150,Yemen Diesel & LPG Demand Reports (if any),,Fuel consumption,T1,,,Logistics cluster or Ministry of Oil,,Occasional,IRREGULAR,,,National,,,,,,,,,,Provide estimates of fuel demand; cross‑check with WFP fuel price bulletins.,Fuel consumption,extended,PENDING_REVIEW,True
SRC-151,151,Yemen Gas Company (YGC) Circulars,,Gas supply,UNKNOWN,,,Official circulars/social media,,Irregular,IRREGULAR,,,National,,,,,,,,,,Announces LPG cylinder prices and distribution schedules; important for cost of living analysis.,Gas supply,extended,PENDING_REVIEW,True
SRC-152,152,Yemen Ministry of Social Affairs and Labour (MoSAL),,Employment policies,T1,Government of Yemen,,Circulars and speeches,,Ad hoc,IRREGULAR,,,National,,,,,,,,,,"May provide information on minimum wage, labour regulations; seldom published; glean via local media.",Employment policies,extended,PENDING_REVIEW,True
SRC-153,153,"Private sector surveys (e.g., Tadhamon Bank SME survey)",,Employment in SMEs,UNKNOWN,,,SME programmes,,Ad hoc,IRREGULAR,,,National,,,,,,,,,,"Surveys of SMEs on workforce, wages, skills; often part of project evaluations; need partner access.",Employment in SMEs,extended,NEEDS_KEY,True
SRC-154,154,FAO FAOSTAT Agricultural Commodities,,Agriculture,T1,,,Already included; emphasise cereals & livestock series,,Annual,ANNUAL,,,Global,,,,,,,,,,Pre‑2013 official data; update for proxies if available.,Agriculture,extended,PENDING_REVIEW,True
SRC-155,155,Yemen Ministry of Agriculture & Irrigation,,Agricultural production,T1,Government of Yemen,,Reports (pre‑2014) and bulletins,,Irregular,IRREGULAR,,,National,,,,,,,,,,"Provide production volumes by crop, area cultivated; mostly outdated; treat as historical baseline.",Agricultural production,extended,PENDING_REVIEW,True
SRC-156,156,Crops and Livestock Integrated Survey (if revived),,Agriculture & livelihoods,UNKNOWN,,,Household survey via CSO or FAO,,Occasional,IRREGULAR,,,National,,,,,,,,,,Last survey pre‑2014; should be added if new rounds conducted post‑conflict; treat as potential.,Agriculture & livelihoods,extended,PENDING_REVIEW,True
SRC-157,157,UNHCR Population Statistics,,Displacement & refugees,T1,,,Already included; emphasise cross‑border flows,,Annual,ANNUAL,,,Global,,,,,,,,,,Provide number of Yemeni refugees abroad and refugees in Yemen.,Displacement & refugees,extended,PENDING_REVIEW,True
SRC-158,158,International Organization for Migration (IOM) Displacement Tracking Matrix (DTM),,IDP & returnees,T1,IOM,,Already included; emphasise subnational details,,Quarterly/Occasional,QUARTERLY,,,Global,,,,,,,,,,"Provide counts of internally displaced persons, returnees, and migrant arrivals by governorate.",IDP & returnees,extended,PENDING_REVIEW,True
SRC-159,159,Janes Terrorism & Insurgency Centre (JTIC),,Conflict & security,UNKNOWN,,,Subscription,,Daily,DAILY,,,Commercial,,,,,,,,,,Detailed dataset on insurgent and terrorist attacks; expensive; mark as *Needs Key*.,Conflict & security,extended,NEEDS_KEY,True
SRC-160,160,United Nations Commodity Trade Statistics (Comtrade) for Arms (HS 9304),,Arms trade via trade data,T1,,,Comtrade API (as above),,Annual,ANNUAL,,,Global,,,,,,,,,,Import/export of arms category; can be used to detect arms shipments (if any recorded).,Arms trade via trade data,extended,PENDING_REVIEW,True
SRC-161,161,UN Security Council Sanctions List,,Sanctions,T1,,,Already included.,,Real‑time,IRREGULAR,,,Global,,,,,,,,,,Provide names of individuals/entities under sanctions; see master registry.,Sanctions,extended,PENDING_REVIEW,True
SRC-162,162,U.S. OFAC Specially Designated Nationals List,,Sanctions,T1,US Treasury OFAC,,Already included.,,Real‑time,IRREGULAR,,,Global,,,,,,,,,,Provide names of Yemeni entities under US sanctions.,Sanctions,extended,PENDING_REVIEW,True
SRC-163,163,EU and UK Sanctions Lists,,Sanctions,T1,,,Already included.,,Real‑time,IRREGULAR,,,Global,,,,,,,,,,Provide names under EU/UK sanctions regimes.,Sanctions,extended,PENDING_REVIEW,True
SRC-164,164,Yemen Ministry of Interior & Ministry of Defence (Aden & Sana’a),,Conflict reports,T1,Government of Yemen,,Official statements and press releases,,Ad hoc,IRREGULAR,,,National,,,,,,,,,,Provide casualty reports and conflict updates; seldom reliable; treat as narrative.,Conflict reports,extended,PENDING_REVIEW,True
SRC-165,165,Yemen Data Project (airstrike database),,Conflict events,T2,Yemen Data Project,,Already included; emphasise monthly series,,Monthly,MONTHLY,,,NGO,,,,,,,,,,Provide counts of airstrikes and civilian casualties; high credibility.,Conflict events,extended,PENDING_REVIEW,True
SRC-166,166,"Yemen Telecom Companies Data (Yemen Mobile, Sabafon, MTN, Y-Telecom)",,Connectivity,UNKNOWN,,,Company websites & regulator statements,,Occasional,IRREGULAR,,,National,,,,,,,,,,"Provide information on subscriber numbers, network coverage, restoration of services; glean via press releases.",Connectivity,extended,PENDING_REVIEW,True
SRC-167,167,Power grid restoration announcements,,Energy infrastructure,UNKNOWN,,,Press releases (Ministry of Electricity),,Ad hoc,IRREGULAR,,,National,,,,,,,,,,"Provide updates on electricity supply, power plant repairs, load shedding; glean from local news; treat as narrative.",Energy infrastructure,extended,PENDING_REVIEW,True
SRC-168,168,Arab Businessmen Councils,,Cross‑border investment,T3,,,Reports (various),,Occasional,IRREGULAR,,,Regional,,,,,,,,,,Provide updates on cross‑border investments by Gulf and Yemeni expatriates; glean from media or business associations.,Cross‑border investment,extended,PENDING_REVIEW,True
SRC-169,169,Yemen Export Promotion Centre (if revived),,Export promotion,UNKNOWN,,,Official documents,,Unknown,IRREGULAR,,,National,,,,,,,,,,"Could provide data on non‑oil exports, SME exporters; currently inactive; placeholder.",Export promotion,extended,PENDING_REVIEW,True
SRC-170,170,International Crisis Group,,Research,UNKNOWN,,,Already included; emphasise conflict economy,,Occasional,IRREGULAR,,,NGO,,,,,,,,,,See above.,Research,extended,PENDING_REVIEW,True
SRC-171,171,Economic Intelligence Unit (EIU),,Country analysis,T3,,,Subscription,,Monthly,MONTHLY,,,Commercial,,,,,,,,,,"Reports on Yemen’s economy, politics, forecast; subscription required; store metadata only; *Needs Key*.",Country analysis,extended,NEEDS_KEY,True
SRC-172,172,World Bank Open Data – Indicators API,,Macroeconomic (incl. governance proxies),T1,World Bank,https://api.worldbank.org/v2/country/YEM/indicator/{indicator_code}?format=json,https://api.worldbank.org/v2/country/YEM/indicator/{indicator_code}?format=json (and SDMX API),"Direct API (open, no key required); JSON or XML responses",Monthly for many series (WDI quarterly/annually per indicator release); continuous as data published,MONTHLY,Open Data – CC BY 4.0; free to use with attribution,A,Global,"≈16,000 time-series indicators covering GDP, inflation (CPI), exchange rate, trade, poverty, population, governance indexes, etc.; Yemen data from 2010–present (earlier for historical context)",,Low to moderate – data appears soon after source release,,"Country, Indicator Code/Name, Year/Period, Value, metadata (source note, units)",API connector; paginate results; daily/weekly checks; retries on failure; Data Gap Ticket if unresolved,"Core macro database for dashboards (GDP, prices, finance); baseline for Scenario Simulator, FX Dashboard, Aid Tracker; glossary definitions; regional peer comparisons","Macro Trends, Governance, Scenario Simulator, Data Explorer API, Methodology",National-level aggregates; annual/quarterly/monthly series; no subnational data; gaps during conflict years or modelled estimates; alternative sources used when missing; gaps flagged as “Not available”,,"Macroeconomic (incl. governance proxies);Macro Trends, Governance, Scenario Simulator, Data Explorer API, Methodology",master,ACTIVE,True
SRC-173,173,"IMF Data (SDMX/IFS, Article IV)",,Macroeconomic & Financial,T1,International Monetary Fund,https://sdmx.imf.org/rest/data/,"https://sdmx.imf.org/rest/data/ (IFS, DOTS, GFS) and PDFs for Article IV reports",API for structured data (SDMX/XML/JSON – some datasets require registration); PDFs for Article IV and country reports,Quarterly for most IMF datasets (some monthly series); Article IV reports annually or biennially,MONTHLY,Open data (IMF open data initiative); attribution required; some datasets require registration,A–,Global,"Monetary and financial indicators: money supply, inflation, official exchange rates, banking aggregates, balance of payments, government finance, trade; 2010–present (historical data available); Article IV reports provide qualitative assessments and tables",,Moderate – quarterly data appear after a few months; Article IV reports several months after mission; gaps due to conflict,Some SDMX datasets require free account/API key; summary data accessible without auth,"Varies by dataset – e.g. country, indicator code, time period, value; Article IV PDFs contain tables and narrative","API connector for SDMX with frequency handling and versioning; Document ingestion for PDFs (extract tables, store metadata); retries and Data Gap Ticket on failure","Complement World Bank macro data (monetary & external sector); FX Dashboard (official rates, reserves), Public Finance module (fiscal projections), Scenario Simulator (baseline forecasts), Research Hub (Article IV commentary)","Macro Trends, Financial Sector, Public Finance, Scenario Simulator, Document Library, Glossary",National-level annual/quarterly data; no governorate detail; large gaps post‑2015; IMF staff estimates fill gaps (lower confidence); “Not available – see proxy” when not reported,,"Macroeconomic & Financial;Macro Trends, Financial Sector, Public Finance, Scenario Simulator, Document Library, Glossary",master,ACTIVE,True
SRC-174,174,UN Comtrade (Trade Statistics),,Trade & External,T1,UN Statistics Division,https://comtrade.un.org/api/get?max=50000&type=C&freq=A&px=HS&cc=ALL&r=887&pxTime=2010-2025,https://comtrade.un.org/api/get?max=50000&type=C&freq=A&px=HS&cc=ALL&r=887&pxTime=2010-2025,Direct API (JSON or CSV); free for moderate use; registration needed for heavy use; bulk downloads available,Monthly/annual – updated as countries report (mirror data for Yemen due to limited reporting),MONTHLY,Open for non-commercial use with attribution; rate limits apply,B+,Global,Merchandise trade by commodity (HS codes) and partner country; annual coverage 2010–present; some monthly trade data pre‑2015; mirror data used because Yemen rarely reports,,High – annual totals appear 6–12 months after year‑end; monthly data lags a few months,No API key for moderate use; heavy usage requires account,"Trade flow (import/export), year/month, reporter, partner, commodity code & description, value (USD), quantity, etc.",API connector retrieves annual trade data in batches (by year or chapter); store detailed series; fallback to UNCTADstat or offline CSV if API unavailable; retries and Data Gap Ticket when missing,"Feeds Trade Dashboard (import/export trends, top commodities, trade balance); Scenario Simulator (external sector shocks); Aid Tracker (aid vs trade context); Stakeholder Pages (trade ties)","Trade & Commerce, Macro Trends (trade % GDP), Regional Comparison",National totals by commodity/partner; no subnational data; gaps filled with mirror data; undercounts informal trade; missing data flagged; fallback offline if needed,,"Trade & External;Trade & Commerce, Macro Trends (trade % GDP), Regional Comparison",master,ACTIVE,True
SRC-175,175,ILOSTAT (Labor & Employment),,Socio-economic (Labor),T1,International Labour Organization,https://api.ilo.org/data/export/JSON?country=YEM,https://api.ilo.org/data/export/JSON?country=YEM (API),REST API (JSON/CSV) with API key; bulk downloads available,Annual; some modeled estimates more frequent,ANNUAL,Open data with attribution; API token required,B,Global,"Employment/unemployment rates, labor force participation, youth NEET, wages, etc.; data up to 2014; modelled updates for later years",,High – data often a couple years old,API token needed,"Indicator code, sex/age disaggregation, year, value, unit",API connector scheduled to fetch latest data; fallback to CSV; Data Gap Ticket if missing; modelled data flagged,"Feeds Social Indicators – unemployment trends, labor force size; informs Scenario Simulator and Stakeholder pages","Macro/Social Trends, Research Hub, Glossary","National, annual; no subnational labor data; post-2015 data are estimates with lower confidence; YETO notes discrepancies between sources",,"Socio-economic (Labor);Macro/Social Trends, Research Hub, Glossary",master,ACTIVE,True
SRC-176,176,UNOCHA Financial Tracking Service (FTS),,Humanitarian Aid Flows,T1,UN OCHA,https://api.hpc.tools/v2/public/fts/flow?countryISO=YEM,https://api.hpc.tools/v2/public/fts/flow?countryISO=YEM,"REST API (JSON) – no key needed; filter by country, year, appeal",Daily – continuous updates,DAILY,Open data; usage per OCHA terms; attribution required,A,Global,"All humanitarian funding to Yemen (donor, recipient, sector, plan, amount, status) from 2010–present; includes HRP vs outside-plan funding and totals",,Low – new contributions appear within days,,"Donor, recipient, plan, cluster/sector, amount (USD), funding status, dates, FTS ID; aggregates",API connector scheduled daily; aggregates data; links flows to HRP documents; retries and Data Gap Ticket on failure; manual CSV fallback,"Powers Aid Tracker – total funding, donor rankings, sector allocations, funding gaps; Stakeholder pages; scenario modeling; research grounding for AI","Aid Funding Dashboard, Donor Profiles, Cluster/Sector Pages, Crisis Timeline, AI Assistant",Country-level flows; subnational earmarking not well captured; double-counting possible; cross-checked with IATI; duplicates flagged,,"Humanitarian Aid Flows;Aid Funding Dashboard, Donor Profiles, Cluster/Sector Pages, Crisis Timeline, AI Assistant",master,ACTIVE,True
SRC-177,177,IATI (International Aid Transparency Initiative),,Development & Humanitarian Projects,UNKNOWN,IATI (multi-publisher),https://dev.iatistandard.org/datastore/activity/select?country_code=YE,https://dev.iatistandard.org/datastore/activity/select?country_code=YE,REST API and bulk CSV exports; no auth,Continuous – organizations publish updates on their schedule; datastore updates daily or weekly,DAILY,Open data (CC BY); publishers may have additional terms; attribution required,B,Global,"Development and humanitarian projects/activities: titles, descriptions, budgets, expenditures, locations, sectors, participating orgs; 2010–present",,Varies – depends on publisher (real-time to annual),,"Activity ID, reporting organization, title, description, start/end dates, sector codes, participating partners, financial transactions (commitments/disbursements), location info, outcomes",API/ETL hybrid – weekly ingestion via datastore API; uses filters and bulk downloads; data stored relationally; missing fields flagged; attempts to enrich from docs; gap tickets for under-reporting,Complements FTS – provides project-level detail; populates Aid Project Explorer and Stakeholder pages; used in Aid Tracker to show outputs and link to outcomes; research hub; scenario modeling,"Aid Projects Dashboard, Stakeholder Profiles, Geospatial Viewer, AI Assistant",Project-level; some geocodes; many entries only country-level; not all donors publish; under-coverage flagged; FTS or donor reports used to fill gaps,,"Development & Humanitarian Projects;Aid Projects Dashboard, Stakeholder Profiles, Geospatial Viewer, AI Assistant",master,ACTIVE,True
SRC-178,178,ReliefWeb API (Reports),,Humanitarian Information (Media/Reports),T1,UN OCHA – ReliefWeb,https://api.reliefweb.int/v1/reports?appname=YETO&query[value,https://api.reliefweb.int/v1/reports?appname=YETO&query[value]=Yemen,REST API – no key (app name parameter for usage tracking),Continuous – daily updates,DAILY,Open access to metadata; content may have separate copyrights; respect original source rights; do not republish full content without permission,A,Global (Yemen filter),"All humanitarian situation reports, press releases, analyses, maps, infographics related to Yemen; includes UN agency updates, NGO reports, crisis analyses; fully archived 2010–present",,Minimal – items appear as soon as published and indexed,,"Report title, publication date, source organization, country tags, themes, summary, URL to full report, full text or PDF link",API connector runs daily to fetch new reports; stores metadata and full text/excerpt; content indexed for search; tags captured; manual processing for large/scanned PDFs,"Populates Research Hub library; provides evidence and context; used by AI assistant for citations; feeds Timeline module; includes WFP bulletins, UN updates, ACAPS reports","Research Hub Library, Interactive Timeline, AI Chat, Glossary, Stakeholder Pages",Narrative info; some subnational details in text; PDF/scan may require OCR; flagged for manual processing if extraction fails,,"Humanitarian Information (Media/Reports);Research Hub Library, Interactive Timeline, AI Chat, Glossary, Stakeholder Pages",master,ACTIVE,True
SRC-179,179,Population & Displacement (UNHCR/IOM),,Humanitarian – Population/Movement,T1,UNHCR & IOM,https://api.unhcr.org/population/v1/,UNHCR: https://api.unhcr.org/population/v1/ ; IOM DTM reports via HDX,"UNHCR API (open, no auth) for refugee/IDP counts; IOM DTM datasets via reports/CSV (manual)",UNHCR annual; IOM DTM quarterly or as needed,QUARTERLY,Public/open data; use with attribution,B+,Global,"UNHCR: annual counts of refugees/IDPs by origin/asylum; IOM: number of IDPs, returnees, migrants by region; covers 2010–present; subnational details via IOM",,UNHCR annual (yearly); IOM quarterly,None for UNHCR; manual for IOM,"UNHCR: population type, country of origin/asylum, year, value; IOM: IDP/returnee/migrant counts by region",API ingestion from UNHCR for refugee data; manual ETL for IOM DTM spreadsheets; Data Gap Ticket if new events occur or updates missing,"Feeds Humanitarian Overview (displacement stats); IDP trends; maps; stakeholder pages (UNHCR, IOM)","Humanitarian Dashboard, IDP trends chart, Maps, Stakeholder Pages",UNHCR national; IOM subnational; data collection challenging in conflict zones; figures are estimates; IDP counts vary across sources and may require cross-checking,,"Humanitarian – Population/Movement;Humanitarian Dashboard, IDP trends chart, Maps, Stakeholder Pages",master,ACTIVE,True
SRC-180,180,ACLED (Armed Conflict Location & Event Data),,Conflict Events,T2,ACLED,https://api.acleddata.com/acled/read?country=Yemen&year=2023,https://api.acleddata.com/acled/read?country=Yemen&year=2023 (requires API key),REST API with token or bulk CSV downloads (license required),Weekly,WEEKLY,ACLED data © ACLED; non-commercial use with attribution; license required; show disclaimer,A–,Global NGO,"Detailed conflict events: battles, airstrikes, explosions, protests, strategic developments; dates & locations; covers 2015–present (some data 2011–2014); weekly updates",,Low – events added within 1–2 weeks,API key required; free for researchers,"Event ID, date, admin1/admin2 coordinates, event type, actors, fatalities, source info","Conditional API connector – automated weekly pulls if licensed; data stored as sensitive; filtered/aggregated for display; fallback to other sources (e.g. UCDP, GDELT) if license unavailable; Data Gap Ticket if no access",Feeds Conflict Timeline; allows correlation with economic indicators; informs AI Assistant; maps and heatmaps; stakeholder pages for security actors; sanctions/compliance,"Interactive Timeline, Maps, AI evidence, Conflict overview, Sanctions/Compliance",Highly granular (village-level events); fatalities are estimates; ACLED not official casualty count; sensitive data; display as overlay optional; fallback to UCDP or GDELT if ACLED not available,,"Conflict Events;Interactive Timeline, Maps, AI evidence, Conflict overview, Sanctions/Compliance",master,ACTIVE,True
SRC-181,181,UCDP (Uppsala Conflict Data Program),,Conflict Casualties,T2,Uppsala University,https://ucdpapi.pcr.uu.se/api/gedevents/22.1?Country=YR,https://ucdpapi.pcr.uu.se/api/gedevents/22.1?Country=YR,Open API and downloadable datasets (annual),Annual version releases (data up to previous year),ANNUAL,Free for research with attribution,B+,Global Academia,"Battle-related deaths, one-sided violence aggregated by conflict and year; Yemen civil war data 2010–present (with one-year lag)",,High – annual release covers up to previous year,,"Year, actor1, actor2, deaths, location (GED events), conflict type",API connector fetches annual entries; loads into time-series; stores version number; cross-check with ACLED; Data Gap Ticket if missing updates,Provides macro view of conflict fatalities; feeds dashboards; scenario modeling; AI Assistant reference; cross-check with ACLED,"Conflict Overview, Timeline, Research Hub",Annual national-level aggregates; slower updates; undercounts recent events; complementary to ACLED; flagged accordingly,,"Conflict Casualties;Conflict Overview, Timeline, Research Hub",master,ACTIVE,True
SRC-182,182,"Sanctions & Compliance Lists (UN, OFAC, EU/UK)",,Sanctions/AML,T1,"United Nations, OFAC (US Treasury), EU, UK (HM Treasury)",https://scsanctions.un.org/resources/xml/en/consolidated.xml,UN: https://scsanctions.un.org/resources/xml/en/consolidated.xml ; OFAC: CSV/XML on treas.gov ; EU & UK: PDF/CSV from respective sites,Downloadable XML/CSV/PDF; automated parsing,Ad‑hoc (whenever designations change); OFAC daily; EU/UK as needed,DAILY,Public domain (legal notices); informational use only (not legal advice),A,Global,"Lists of sanctioned individuals/entities related to Yemen (asset freeze, travel ban, terrorism sanctions, etc.) and global listings; includes local compliance lists if available",,None – updates available as soon as lists change,,"Name, alias, designation, DOB/nationality, sanction type, reason, sanctions program (e.g. 2140), dates",Automated import of CSV/XML; schedule daily for OFAC and weekly for UN/EU/UK; parse entries; filter those linked to Yemen; track updates (added/removed); update compliance database; manual fix if format changes,Sanctions & Compliance overview module – shows sanctioned entities; Stakeholder pages display warnings; AI compliance Q&A; timeline of sanctions events; compliance risk scoring,"Sanctions Dashboard, Stakeholder profiles, AI Compliance Q&A, Timeline",Lists are global (no subnational); not legal advice; show disclaimer; must update promptly; maintain reliability; note duplicates across lists,,"Sanctions/AML;Sanctions Dashboard, Stakeholder profiles, AI Compliance Q&A, Timeline",master,ACTIVE,True
SRC-183,183,UNCTADstat (Trade & Development),,Trade & Development,UNKNOWN,UNCTAD,,"UNCTADstat bulk download (no open API) – e.g. FDI inflows, external debt, current account",Manual/semi-automated CSV/Excel download; registration may be required for bulk files,Annual,ANNUAL,Free for use with attribution (public),B,Global,"FDI flows, balance of payments details, commodity price indices and development indicators; Yemen data 2010–present",,Moderate to high (6+ months after year‑end),Free login may be required,"Depends on dataset (year, value, indicator)","Custom ETL – periodic checks for new files, download CSVs, load into structured tables; validation on year‑over‑year consistency; Data Gap Ticket if updates missing","External sector enrichment – FDI trends, debt statistics; complement trade data","Macro Trends (external debt, FDI), Investment Dashboard, Research Hub","National, annual; gaps due to conflict; proxies used if missing; flagged with lower confidence",,"Trade & Development;Macro Trends (external debt, FDI), Investment Dashboard, Research Hub",master,PENDING_REVIEW,True
SRC-184,184,FAO – FAOSTAT & Food Security,,Agriculture/Food,T1,FAO,,FAOSTAT portal (bulk downloads); FAO Food Price Index; food security cluster bulletins,Bulk download (CSV/Excel) – no API; bulletins (PDF) for food price monitoring,Annual for production indices; periodic (monthly/quarterly) for price monitoring,MONTHLY,Open data (CC BY 4.0),B,Global,"Crop production volumes, livestock counts, food supply per capita (up to 2013) and patchy thereafter; food price monitoring via WFP",,High for production (published 1+ year later); moderate for price data,None for FAOSTAT,"Varies by dataset (year, item, value, unit)",Custom ETL – ingest historical series from FAOSTAT; parse PDF bulletins for food price monitoring; cross-validate with WFP; Data Gap alerts if bulletins are late,"Agricultural context – agriculture % of GDP, cereal production trends; food price data used for humanitarians and inflation proxy","Macro Trends (agriculture), Markets & Prices, Aid & Food Security, Research Hub",National totals; no governorate-level production data; significant data gaps post‑2015; proxies used and missing values flagged,,"Agriculture/Food;Macro Trends (agriculture), Markets & Prices, Aid & Food Security, Research Hub",master,PENDING_REVIEW,True
SRC-185,185,UNDP/UNICEF/WFP/OCHA Public Data & Reports,,Development & Humanitarian Analysis,T1,"UNDP, UNICEF, WFP, OCHA (various agencies)",,"Various: UNDP Yemen site, UNICEF Yemen site, WFP VAM DataViz, OCHA HDX datasets",Documents (PDFs) and small datasets; some via HDX; manual or semi-automated ingestion,"Occasional – e.g. UNDP bulletins quarterly, UNICEF updates annually, WFP VAM price bulletins monthly, OCHA HNO/HRP annually",MONTHLY,Public domain or CC BY (varies by agency); data on HDX open,A–,Global/UN,"Qualitative & quantitative insights: poverty, human development, recovery analyses; WFP price data; UNDP socio-economic updates; UNICEF child indicators; OCHA HNO people in need by governorate; etc. 2010–present",,Reports often 1–2 times per year; data may be a few months old,,"Various – summary tables (e.g. poverty rates, number of out‑of‑school children) and narrative analysis",Document ingestion with parsing; YETO captures key data points and stores metadata; manual entry if automated parsing fails; Data Gap if expected reports are overdue,"Enriches Evidence Base; feeds Scenario Simulator assumptions; informs dashboards (e.g. needs and aid coverage, malnutrition rates); used in Glossary; Research Hub and AI assistant","Humanitarian Overview, Poverty & Social Indicators, Research Hub, AI Assistant",Some reports include subnational data (needs by governorate); captured by YETO; data may be modelled or inconsistent; flagged with confidence rating and methodology notes,,"Development & Humanitarian Analysis;Humanitarian Overview, Poverty & Social Indicators, Research Hub, AI Assistant",master,PENDING_REVIEW,True
SRC-186,186,WFP Yemen Market & Price Monitoring,,Market Prices & Food Security,T1,World Food Programme (VAM),,WFP VAM DataViz platform and HDX (e.g. monthly bulletins like “Yemen Market and Trade Bulletin Oct 2025”),PDF bulletins and CSV/Excel datasets; WFP price API if available; manual ingestion,Monthly bulletins (4–6 week lag); possibly bi‑weekly raw price data,WEEKLY,Open; WFP data is public with attribution,A,Global (Yemen),"Retail prices of staple foods and fuel (petrol, diesel, gas) across various markets; exchange rates (market vs official); supply indicators (days of import cover); narrative analysis",,4–6 weeks – bulletins published after month end; raw data available sooner via partners,,"Commodity, market/city, unit, price (YER), date; cost of minimum food basket; fuel prices; exchange rates",Custom parser to extract tables from monthly PDFs; ingest any available CSV from HDX; manual QA; WFP global price API if available; Data Gap alert if bulletin is late,"Feeds Markets Dashboard (price trends, regional splits), Fuel Price Dashboard, FX Dashboard (market rates), Scenario Simulator (impact of shocks), AI assistant (inflation and purchasing power)","FX & Inflation Monitor, Food Security panel, Humanitarian Planning, Timeline",Subnational – data by region/market; YETO labels regime control (GoY vs DFA); no official CPI post‑2015; WFP price-based inflation is proxy; volatile; missing areas noted,,"Market Prices & Food Security;FX & Inflation Monitor, Food Security panel, Humanitarian Planning, Timeline",master,PENDING_REVIEW,True
SRC-187,187,Fuel Price Bulletins & Partner Feeds,,Market Prices,UNKNOWN,"Yemeni fuel companies, humanitarian clusters, partners",,"Varies – YPC announcements, Food Security Cluster Fuel Watch, partner data contributions","Manual ingestion – PDF bulletins, social media announcements, partner-provided files",Ad‑hoc (whenever price changes); clusters track monthly,MONTHLY,Public domain or partner data; provenance maintained,B,National/Partner,"Official pump prices for petrol, diesel, cooking gas in government-controlled and DFA areas; black‑market prices if monitored; 2010–2014 official data; 2015–present assembled from news/clusters",,N/A – updates as changes occur; YETO records time of last change,,"Region (GoY vs DFA), city, fuel type, price (YER per litre/cylinder), effective date",Custom pipeline; maintain dataset of fuel prices; ingest updates from WFP/clusters; use media monitoring; store multiple prices (official vs unofficial) with provenance; manual updates when automated data is sparse; Data Gap Ticket on conflicting or missing data,Supports inflation/cost of living analysis; macro dashboards; Fuel Subsidy Tracker; scenario modelling; stakeholder pages; sanctions/compliance (if tracking fuel import violations),"Markets & Prices, Fuel Subsidy Tracker (if implemented), Timeline, AI Assistant",Regional (north vs south and city‑level); official price may not reflect availability; multiple prices recorded (official and market); context noted; manual updates recommended when data scarce,,"Market Prices;Markets & Prices, Fuel Subsidy Tracker (if implemented), Timeline, AI Assistant",master,NEEDS_KEY,True
SRC-188,188,Yemen Data Project (Airstrikes),,Conflict – Air War,T2,Yemen Data Project,,Reports and requests (no open API),Manual ingestion from monthly reports and media releases,Monthly; annual summary,MONTHLY,Attribution required; data for advocacy; not for commercial use,A,NGO,"Counts of air strikes, targeted locations, civilian casualty estimates since March 2015",,Low – monthly data available within next month,None for summary info; full dataset may require contact,"Month, number of air strikes, location targeted, civilian casualties (if available)",Manual parsing of reports and bulletins; store monthly counts; integrate into conflict timeline; Data Gap Ticket if missing reports,Enhances Conflict Timeline (air war intensity); AI Assistant; Sanctions/Compliance (air strike patterns relevant to arms embargo); scenario modeling,"Conflict Timeline, AI evidence, Sanctions/Compliance, Research Hub",Monthly by broad region; covers only airstrikes; complementary to ACLED; flagged as specific context,,"Conflict – Air War;Conflict Timeline, AI evidence, Sanctions/Compliance, Research Hub",master,PENDING_REVIEW,True
SRC-189,189,Central Bank of Yemen – Aden & Sana’a,,Monetary & Financial Sector,T1,Central Bank of Yemen (CBY) – Aden (Government) & Sana’a (De facto),,Official websites (e.g. cby-aden.com); Sana’a releases via Ministry of Planning or news,"Manual ingestion – scrape CBY Aden auction data, bulletins; glean Sana’a data from reports/leaks/news; partner feeds",Aden: weekly FX auction results; monthly/quarterly bulletins; annual financial statements. Sana’a: irregular data via budget docs or news; circulars occasionally,WEEKLY,Government public data (no formal license),B–,National,"Exchange rates (official peg/auction rates in Aden; official rate in Sana’a; parallel market rates); monetary indicators (money supply, inflation if any, deposits, loans); banking sector (licensed banks, compliance); 2010–2014 unified; post‑2015 split data by regime",,Variable – auctions weekly; other stats months or absent,None (public reports); internal data may require partnerships,"Auction: date, amount sold, cut-off rate, weighted rate; FX rates; monetary aggregates; list of licensed banks; circulars and policy decisions",Custom ETL and document parsing – scheduled scraping of CBY Aden auction results; parse bulletins and financial statements; tag data by regime (Aden vs Sana’a); store parallel series; Data Gap for missing series; proxies used (e.g. WFP prices for inflation),"FX Dashboard (official vs parallel rates); Monetary module (money supply, inflation, banking sector); Public Finance context; Stakeholder Pages (CBY profile); timeline for monetary policy events","FX & Monetary, Banking Sector, Public Finance, Timeline, AI Assistant",National; effectively two monetary jurisdictions; YETO displays dual values; data quality low; proxies used; missing data flagged; contradictory series shown side-by-side,,"Monetary & Financial Sector;FX & Monetary, Banking Sector, Public Finance, Timeline, AI Assistant",master,NEEDS_KEY,True
SRC-190,190,Yemen Ministry of Finance / Ministry of Planning / CSO,,Public Finance & Economic Planning,T1,Government ministries (GoY and DFA),,"Official documents (budgets, fiscal statements) via government portals or leaked PDFs","Manual document ingestion (PDFs, Excel); partner-provided copies; speech extracts","GoY budgets irregular (e.g. 2019, 2021); execution reports rarely; Sana’a budgets undisclosed; MoPIC plans occasional; CSO yearbooks up to 2014 and limited later estimates",IRREGULAR,Government data; public domain,C+,National,"Government budgets (revenues, expenditures, deficit financing), public debt (domestic and external), donor funding, macro assumptions (oil production, exchange rate); MoPIC development plans; CSO data (GDP, population, CPI) up to 2014; partial estimates 2015–2017; dual budgets post‑2015",,Annual if published; many years missing,,"Budget lines by sector/ministry; revenue by type (oil, tax, grants); deficit & financing; population and CPI series; macro assumptions; development plan indicators",Document parsing and ETL – extract tables from PDFs; store data by regime and year; flag missing years; glean partial data from speeches and IMF reports; integrate CSO historical data; Data Gap Ticket when reports unavailable; proxies used,"Public Finance module – budget trends, revenues, expenditures, debt; Debt Tracker; scenario modelling (fiscal policy changes); Stakeholder pages for MoF/MoPIC; Research library","Public Finance Dashboard, Debt Tracker, Economic Plans, Research library, Stakeholder Pages",National; breakdown by sector if available; no unified budget after 2015; data politicized; off‑budget items (e.g. military aid) excluded; data rated low confidence; side‑by‑side comparison of GoY vs DFA budgets,,"Public Finance & Economic Planning;Public Finance Dashboard, Debt Tracker, Economic Plans, Research library, Stakeholder Pages",master,NEEDS_KEY,True
SRC-191,191,Social Fund for Development (SFD),,Development Projects (National),UNKNOWN,Social Fund for Development (Yemen),,"SFD website (annual reports, project catalogs); some data via IATI",Document ingestion; partner data sharing via CSV/excel; IATI feed if available,Annual reports; continuous updates in internal MIS (not public),ANNUAL,Public reports open; detailed data via partnership/MoU,A–,National,"Projects across Yemen (community development, cash-for-work, education, water, etc.); number of projects, beneficiaries, funding by donor; microfinance support data; 2010–present",,Annual summary available few months after year‑end; detailed updates require access,None for summary; partnership needed for raw data,"Project ID, location (district), sector, budget, donor source, status, outputs (e.g. classrooms built), outcome indicators, microfinance portfolios","Document ingestion & custom feed – parse annual reports for aggregates; if partnership, ingest CSV; link with IATI (activities listing SFD as implementer); Data Gap if no data available",Showcases community-level impact; Aid Tracker highlights SFD activities; Stakeholder page describes SFD role; contributes to Poverty & Resilience module; microfinance data used in Financial Sector analysis,"Aid Projects, Poverty & Resilience, Stakeholder Profile, Private Sector (microfinance data)",Subnational – data by district/village; funding sources must be merged to avoid double counting; security conditions may stall projects; missing details flagged,,"Development Projects (National);Aid Projects, Poverty & Resilience, Stakeholder Profile, Private Sector (microfinance data)",master,NEEDS_KEY,True
SRC-192,192,Yemen Microfinance Network (YMN),,Financial Inclusion,UNKNOWN,Yemen Microfinance Network,,"YMN publications (quarterly bulletins, conference papers)",PDF reports; partner data sharing (no API),Quarterly/Annual,QUARTERLY,Shared within development community; open if obtained,B,National NGO,"Microfinance sector indicators: number of active borrowers, total loan portfolio, number of MFIs and branches, portfolio at risk, savings accounts; includes Microfinance Bank stats; 2010–present (disrupted by conflict)",,Unknown – likely annual consolidation,Partner contact may be needed for data,"MFI name, active clients, outstanding loans, portfolio quality, geographic coverage, savings accounts; microfinance bank metrics",Manual/partner ETL – import baseline dataset (e.g. banks_microfinance_money_exchangers.xlsx); request quarterly data from network; search for publications; use SFD data for microfinance; Data Gap when updates missing,Feeds Financial Sector module – microfinance outreach and resilience; Stakeholder pages for MFIs; AI Assistant uses microfinance stats; scenario modelling for financial inclusion,"Finance Dashboard, Maps (branch coverage), Research Hub",National; governorate-level if provided; conflict impacts MFIs; data may be outdated; flagged with caveats; north vs south splits after 2015,,"Financial Inclusion;Finance Dashboard, Maps (branch coverage), Research Hub",master,NEEDS_KEY,True
SRC-193,193,Association of Yemeni Banks,,Banking Sector,UNKNOWN,Association of Yemeni Banks (AYB),,N/A – statements or annual meeting documents,Manual – outreach and available documents,Ad hoc,IRREGULAR,,C,National NGO,"Possible aggregated insights: number of banks, sector issues; qualitative information",,,,N/A (qualitative; uses other sources for quantitative figures),Maintain stakeholder profile; rely on other sources for quantitative data; document statements,Stakeholder page for AYB; potential channel for data requests; context for banking sector,"Stakeholder Map, Compliance",Not a data source; used for qualitative context and stakeholder engagement,,"Banking Sector;Stakeholder Map, Compliance",master,PENDING_REVIEW,True
SRC-194,194,Private Sector & Chambers of Commerce,,Private Sector Data,UNKNOWN,Federation of Yemeni Chambers of Commerce & Industry; business associations,,Surveys and reports (no central source),Surveys/reports from chambers; customs data via chamber if shared,Ad hoc,IRREGULAR,N/A; survey-based data,C,National,"Potential information on number of businesses, impact of war on businesses, import/export hurdles, price surveys; data anecdotal/survey-based",,,,Varies (survey results),Treat as stakeholder; engage to obtain surveys; manually ingest if available,"Enrich Private Sector module (business sentiment, logistics challenges); scenario assumptions for private investment; Research hub","Private Sector Module, Scenario Simulator, Research Hub","Data is anecdotal, not systematic; Data Gap likely; flagged as such",,"Private Sector Data;Private Sector Module, Scenario Simulator, Research Hub",master,PENDING_REVIEW,True
SRC-195,195,Remote Sensing (Night Lights – VIIRS),,Proxy Indicators,T2,NASA/NOAA,,NOAA/NASA Nighttime Lights data (monthly composites via Earth Observation portals),Bulk file download (GeoTIFF); processing to extract indices; possible use of Google Earth Engine,Monthly,MONTHLY,Open (US government data),B,Global,Average nighttime radiance at 0.5 km resolution; aggregated to national or governorate level; covers 2012–present (earlier via DMSP),,~1 month after end of month,,"Month, radiance index (by region if processed)","Data pipeline – fetch monthly raster, compute summary metrics (e.g. total luminosity by governorate); filter anomalies; store time series; Data Gap if retrieval fails",Economic activity proxy on macro dashboard; scenario modeling (recovery scenarios); interactive maps; timeline overlays,"Macro Trends, Energy & Infrastructure, Interactive Maps, Timeline",Granularity ~0.5 km aggregated; proxies require interpretation; anomalies from fires or flaring; not direct GDP measure; flagged as experimental indicator,,"Proxy Indicators;Macro Trends, Energy & Infrastructure, Interactive Maps, Timeline",master,PENDING_REVIEW,True
SRC-196,196,ACAPS Yemen Analysis (YETI),,Research/Think‑Tank,T2,ACAPS,,ACAPS YETI publications (PDFs or dashboards),Document access – PDF reports (no API),Periodic (scenarios/analyses as published),IRREGULAR,Public reports; usage with attribution; content may be under CC BY,B,International NGO,Analytical products on Yemen’s economy and humanitarian situation; scenarios and risk analysis; not numerical data but narrative context,,N/A – publishes as events require,,"Narrative content, scenario assumptions, risk factors",Document ingestion; store reports in Research Hub; no structured data extraction except manual summarization,Provides qualitative context in Research Hub; informs Scenario Simulator; AI assistant uses narrative insights,"Scenario Simulator (pre‑modelled scenarios), Research Hub, AI Assistant",Narrative analysis; not structured data; used for context not metrics,,"Research/Think‑Tank;Scenario Simulator (pre‑modelled scenarios), Research Hub, AI Assistant",master,PENDING_REVIEW,True
SRC-197,197,Rethinking Yemen’s Economy (RYE),,Research/Think‑Tank,UNKNOWN,Sana’a Center & Partners,,Policy briefs and papers (PDF),Document access (no API),Periodic,IRREGULAR,Public reports; usage with attribution,B,International collaboration,"Deep dive reports on fuel subsidies, central bank, private sector and other topics; narrative analysis; may include bespoke data or surveys",,N/A – as published,,"Narrative analysis, data tables (if included)",Document ingestion; store in Research Hub; manual extraction of bespoke data,Enriches Glossary (definitions with Yemen context); informs Research Library; supports AI assistant responses; Stakeholder pages may link relevant briefs,"Research Hub, Glossary, Stakeholder Pages, AI Assistant",Narrative analysis; not systematic data; used for context and definitions,,"Research/Think‑Tank;Research Hub, Glossary, Stakeholder Pages, AI Assistant",master,PENDING_REVIEW,True
SRC-198,198,Prospects,,,T1,United Nations,https://population.un.org/datap,https://population.un.org/datap,WEB,,,,,,,,,,,connector_web,,,,,,inclusive_pdf,ACTIVE,True
SRC-199,199,Database,,,T1,United Nations,https://unstats.un.org/SDGAPI/v,https://unstats.un.org/SDGAPI/v,API,,,,,,,,,,,connector_api,,,,,,inclusive_pdf,ACTIVE,True
SRC-200,200,https://finDevgateway.org FATF (Financial Action Task Force) Grey List/Mutual Evaluation,,,UNKNOWN,FATF,https://www.fatf-,https://www.fatf-,WEB,,,,,,,,,,,connector_web,,,,,,inclusive_pdf,ACTIVE,True
SRC-201,201,Partnership – Yemen,,,UNKNOWN,,https://internationalbudget.,https://internationalbudget.,WEB,,,,,,,,,,,connector_web,,,,,,inclusive_pdf,ACTIVE,True
SRC-202,202,International Data,,,T1,US Energy Information Administration (EIA),https://www.eia.gov/internationa,https://www.eia.gov/internationa,WEB,,,,,,,,,,,connector_web,,,,,,inclusive_pdf,ACTIVE,True
SRC-203,203,World Economic Outlook (WEO),,,UNKNOWN,,,,,,,,,,,,,,,,,,,,,inclusive_pdf,PENDING_REVIEW,True
SRC-204,204,Fiscal Monitor,,,UNKNOWN,,,,,,,,,,,,,,,,,,,,,inclusive_pdf,PENDING_REVIEW,True
SRC-205,205,2 Population Projections,,,UNKNOWN,,,,,,,,,,,,,,,,,,,,,inclusive_pdf,PENDING_REVIEW,True
SRC-206,206,(archived),,,UNKNOWN,,,,,,,,,,,,,,,,,,,,,inclusive_pdf,PENDING_REVIEW,True
SRC-207,207,Yemen,,,UNKNOWN,,,,,,,,,,,,,,,,,,,,,inclusive_pdf,PENDING_REVIEW,True
SRC-208,208,Night‐Time Lights Arabia,,,UNKNOWN,,,,,,,,,,,,,,,,,,,,,inclusive_pdf,PENDING_REVIEW,True
SRC-209,209,Market Bulletin,,,T3,,,,,,,,,,,,,,,,,,,,,inclusive_pdf,PENDING_REVIEW,True
SRC-210,210,Rate Feed,,,UNKNOWN,,,,,,,,,,,,,,,,,,,,,inclusive_pdf,PENDING_REVIEW,True
SRC-211,211,Reports,,,UNKNOWN,,,,,,,,,,,,,,,,,,,,,inclusive_pdf,PENDING_REVIEW,True
SRC-212,212,(Top Enterprises),,,UNKNOWN,,,,,,,,,,,,,,,,,,,,,inclusive_pdf,PENDING_REVIEW,True
SRC-213,213,Investments,,,UNKNOWN,,,,,,,,,,,,,,,,,,,,,inclusive_pdf,PENDING_REVIEW,True
SRC-214,214,Program (ATFP),,,UNKNOWN,,,,,,,,,,,,,,,,,,,,,inclusive_pdf,PENDING_REVIEW,True
SRC-215,215,Finance Gap Database,,,UNKNOWN,,,,,,,,,,,,,,,,,,,,,inclusive_pdf,PENDING_REVIEW,True
SRC-216,216,https://www.gsma.com/mobilemoneymetrics/ Money Changers (Licensed and Unlicensed) Registry,,,UNKNOWN,,,,,,,,,,,,,,,,,,,,,inclusive_pdf,PENDING_REVIEW,True
SRC-217,217,Announcers,,,UNKNOWN,,,,,,,,,,,,,,,,,,,,,inclusive_pdf,PENDING_REVIEW,True
SRC-218,218,Authority (if available),,,UNKNOWN,,,,,,,,,,,,,,,,,,,,,inclusive_pdf,PENDING_REVIEW,True
SRC-219,219,"Mukalla Throughput 
Licensing Data Reports",,,UNKNOWN,,,,,,,,,,,,,,,,,,,,,inclusive_pdf,PENDING_REVIEW,True
SRC-220,220,Reports SRC-069 | Trade regulation | National,,,UNKNOWN,,,,,,,,,,,,,,,,,,,,,inclusive_pdf,PENDING_REVIEW,True
SRC-221,221,Papers,,,UNKNOWN,,,,,,,,,,,,,,,,,,,,,inclusive_pdf,PENDING_REVIEW,True
SRC-222,222,Economic & Corporate Affairs),,,UNKNOWN,,,,,,,,,,,,,,,,,,,,,inclusive_pdf,PENDING_REVIEW,True
SRC-223,223,Company,,,UNKNOWN,,,,,,,,,,,,,,,,,,,,,inclusive_pdf,PENDING_REVIEW,True
SRC-224,224,,,,UNKNOWN,,,,,,,,,,,,,,,,,,,,,inclusive_pdf,PENDING_REVIEW,True
SRC-225,225,"yeto.causewaygrp.com,",,,UNKNOWN,,"https://yeto.causewaygrp.com,","https://yeto.causewaygrp.com,",WEB,,,,,,,,,,,connector_web,,,,,,url_extract,ACTIVE,True
